Recnum,segment,timestamp,originMileMarker,destMileMarker,travelDistance,travelTimeSec,countCars,avgSpeed,road,originCrossStreet
0,1,17/07/03 01:42:00,289,293,4.1,226,38,52,I-35,Tahuaya Rd (MM 289)
1,2,17/07/03 01:42:00,293,297,4.8,260,13,50,I-35,US-190 (MM 293)
2,3,17/07/03 01:42:00,297,301,2.6,143,15,53,I-35,Midway Dr (MM 297)
3,4,17/07/03 01:42:00,301,303,2.7,0,5,53,I-35,SH-53 (MM 301)
4,5,17/07/03 01:42:00,303,306,3.7,0,31,49,I-35,Industrial Blvd (MM 303)
5,6,17/07/03 01:42:00,306,310,3.2,161,11,84,I-35,FM-1237 (MM 306)
6,7,17/07/03 01:42:00,310,311,1.7,98,9,45,I-35,North of Troy (MM 310)
7,8,17/07/03 01:42:00,311,315,3.9,186,8,41,I-35,Hillyard (MM 311)
8,9,17/07/03 01:42:00,315,319,2.5,139,31,40,I-35,SH-7 (MM 315)
9,10,17/07/03 01:42:00,319,322,3.6,172,22,75,I-35,Woodlawn Rd (MM 319)
10,11,17/07/03 01:42:00,322,324,2.1,136,9,48,I-35,FM-2837 (MM 322)
11,12,17/07/03 01:42:00,324,325,2.9,133,27,82,I-35,Cooksey Ln (MM 324)
12,13,17/07/03 01:42:00,325,328,2.1,112,31,78,I-35,FM-1695 (MM 325)
13,14,17/07/03 01:42:00,328,330,2.7,125,8,83,I-35,FM-2063 (MM 328)
14,15,17/07/03 01:42:00,330,334,3.3,186,18,45,I-35,Loop-340 (MM 330)
15,16,17/07/03 01:42:00,334,337,3.8,205,16,68,I-35,12th St (MM 334)
16,17,17/07/03 01:42:00,337,339,1.1,58,11,57,I-35,Bellmead (MM 337)
17,18,17/07/03 01:42:00,339,341,2.4,127,10,69,I-35,Meyers Ln (MM 339)
18,19,17/07/03 01:42:00,341,343,1.8,83,32,42,I-35,FM-2417 (MM 341)
19,20,17/07/03 01:42:00,343,346,4.1,241,22,78,I-35,FM-308 (MM 343)
20,21,17/07/03 01:42:00,346,351,4.4,185,14,61,I-35,Ross (MM 346)
21,22,17/07/03 01:42:00,351,355,3.3,205,6,48,I-35,Tokio Rd (MM 351)
22,23,17/07/03 01:42:00,355,359,4.3,207,1,50,I-35,County Line Rd (MM 355)
23,24,17/07/03 01:42:00,359,362,2.8,142,22,75,I-35,FM-1304 (MM 359)
24,25,17/07/03 01:42:00,362,363,2.1,98,37,75,I-35,County Road 3111 (MM 362)
25,26,17/07/03 01:42:00,363,367,2.4,124,11,42,I-35,County Road 3103 (MM 363)
26,27,17/07/03 01:42:00,367,368,2.8,145,8,42,I-35,FM-3267 (MM 367)
27,28,17/07/03 01:42:00,368,370,2.6,116,32,43,I-35E,Hillsboro (MM 368)
28,29,17/07/03 01:42:00,370,381,9.1,452,21,40,I-35E,I-35E/W Split (MM 370)
58,1,17/07/03 01:43:00,289,293,4.1,224,31,69,I-35,Tahuaya Rd (MM 289)
59,2,17/07/03 01:43:00,293,297,4.8,267,13,69,I-35,US-190 (MM 293)
60,3,17/07/03 01:43:00,297,301,2.6,142,32,72,I-35,Midway Dr (MM 297)
61,4,17/07/03 01:43:00,301,303,2.7,0,23,71,I-35,SH-53 (MM 301)
62,5,17/07/03 01:43:00,303,306,3.7,0,7,53,I-35,Industrial Blvd (MM 303)
63,6,17/07/03 01:43:00,306,310,3.2,162,30,43,I-35,FM-1237 (MM 306)
64,7,17/07/03 01:43:00,310,311,1.7,98,27,70,I-35,North of Troy (MM 310)
65,8,17/07/03 01:43:00,311,315,3.9,183,7,52,I-35,Hillyard (MM 311)
66,9,17/07/03 01:43:00,315,319,2.5,137,1,40,I-35,SH-7 (MM 315)
67,10,17/07/03 01:43:00,319,322,3.6,172,15,86,I-35,Woodlawn Rd (MM 319)
68,11,17/07/03 01:43:00,322,324,2.1,136,36,57,I-35,FM-2837 (MM 322)
69,12,17/07/03 01:43:00,324,325,2.9,134,23,62,I-35,Cooksey Ln (MM 324)
70,13,17/07/03 01:43:00,325,328,2.1,112,29,50,I-35,FM-1695 (MM 325)
71,14,17/07/03 01:43:00,328,330,2.7,126,11,88,I-35,FM-2063 (MM 328)
72,15,17/07/03 01:43:00,330,334,3.3,189,20,53,I-35,Loop-340 (MM 330)
73,16,17/07/03 01:43:00,334,337,3.8,204,16,52,I-35,12th St (MM 334)
74,17,17/07/03 01:43:00,337,339,1.1,58,3,72,I-35,Bellmead (MM 337)
75,18,17/07/03 01:43:00,339,341,2.4,128,38,76,I-35,Meyers Ln (MM 339)
76,19,17/07/03 01:43:00,341,343,1.8,83,17,90,I-35,FM-2417 (MM 341)
77,20,17/07/03 01:43:00,343,346,4.1,243,37,69,I-35,FM-308 (MM 343)
78,21,17/07/03 01:43:00,346,351,4.4,187,17,41,I-35,Ross (MM 346)
79,22,17/07/03 01:43:00,351,355,3.3,207,13,77,I-35,Tokio Rd (MM 351)
80,23,17/07/03 01:43:00,355,359,4.3,210,30,73,I-35,County Line Rd (MM 355)
81,24,17/07/03 01:43:00,359,362,2.8,139,14,53,I-35,FM-1304 (MM 359)
82,25,17/07/03 01:43:00,362,363,2.1,97,4,50,I-35,County Road 3111 (MM 362)
83,26,17/07/03 01:43:00,363,367,2.4,126,6,63,I-35,County Road 3103 (MM 363)
84,27,17/07/03 01:43:00,367,368,2.8,145,20,49,I-35,FM-3267 (MM 367)
85,28,17/07/03 01:43:00,368,370,2.6,116,5,60,I-35E,Hillsboro (MM 368)
86,29,17/07/03 01:43:00,370,381,9.1,449,29,46,I-35E,I-35E/W Split (MM 370)
87,1,17/07/03 01:43:00,289,293,4.1,225,1,89,I-35,Tahuaya Rd (MM 289)
88,2,17/07/03 01:43:00,293,297,4.8,267,21,53,I-35,US-190 (MM 293)
89,3,17/07/03 01:43:00,297,301,2.6,142,12,78,I-35,Midway Dr (MM 297)
90,4,17/07/03 01:43:00,301,303,2.7,0,14,50,I-35,SH-53 (MM 301)
91,5,17/07/03 01:43:00,303,306,3.7,0,39,75,I-35,Industrial Blvd (MM 303)
92,6,17/07/03 01:43:00,306,310,3.2,162,20,71,I-35,FM-1237 (MM 306)
93,7,17/07/03 01:43:00,310,311,1.7,98,32,56,I-35,North of Troy (MM 310)
94,8,17/07/03 01:43:00,311,315,3.9,183,34,43,I-35,Hillyard (MM 311)
95,9,17/07/03 01:43:00,315,319,2.5,136,20,69,I-35,SH-7 (MM 315)
96,10,17/07/03 01:43:00,319,322,3.6,172,31,81,I-35,Woodlawn Rd (MM 319)
97,11,17/07/03 01:43:00,322,324,2.1,133,18,72,I-35,FM-2837 (MM 322)
98,12,17/07/03 01:43:00,324,325,2.9,134,12,45,I-35,Cooksey Ln (MM 324)
99,13,17/07/03 01:43:00,325,328,2.1,111,30,81,I-35,FM-1695 (MM 325)
100,14,17/07/03 01:43:00,328,330,2.7,127,19,82,I-35,FM-2063 (MM 328)
101,15,17/07/03 01:43:00,330,334,3.3,190,37,84,I-35,Loop-340 (MM 330)
102,16,17/07/03 01:43:00,334,337,3.8,204,14,68,I-35,12th St (MM 334)
103,17,17/07/03 01:43:00,337,339,1.1,58,31,88,I-35,Bellmead (MM 337)
104,18,17/07/03 01:43:00,339,341,2.4,128,30,56,I-35,Meyers Ln (MM 339)
105,19,17/07/03 01:43:00,341,343,1.8,83,18,85,I-35,FM-2417 (MM 341)
106,20,17/07/03 01:43:00,343,346,4.1,243,38,40,I-35,FM-308 (MM 343)
107,21,17/07/03 01:43:00,346,351,4.4,188,17,71,I-35,Ross (MM 346)
108,22,17/07/03 01:43:00,351,355,3.3,208,33,57,I-35,Tokio Rd (MM 351)
109,23,17/07/03 01:43:00,355,359,4.3,207,27,47,I-35,County Line Rd (MM 355)
110,24,17/07/03 01:43:00,359,362,2.8,139,27,85,I-35,FM-1304 (MM 359)
111,25,17/07/03 01:43:00,362,363,2.1,97,39,76,I-35,County Road 3111 (MM 362)
112,26,17/07/03 01:43:00,363,367,2.4,125,16,59,I-35,County Road 3103 (MM 363)
113,27,17/07/03 01:43:00,367,368,2.8,145,29,87,I-35,FM-3267 (MM 367)
114,28,17/07/03 01:43:00,368,370,2.6,116,20,74,I-35E,Hillsboro (MM 368)
115,29,17/07/03 01:43:00,370,381,9.1,449,31,66,I-35E,I-35E/W Split (MM 370)
116,1,17/07/03 01:44:00,289,293,4.1,225,7,40,I-35,Tahuaya Rd (MM 289)
117,2,17/07/03 01:44:00,293,297,4.8,267,21,56,I-35,US-190 (MM 293)
118,3,17/07/03 01:44:00,297,301,2.6,142,6,84,I-35,Midway Dr (MM 297)
119,4,17/07/03 01:44:00,301,303,2.7,0,10,72,I-35,SH-53 (MM 301)
120,5,17/07/03 01:44:00,303,306,3.7,0,40,44,I-35,Industrial Blvd (MM 303)
121,6,17/07/03 01:44:00,306,310,3.2,162,35,45,I-35,FM-1237 (MM 306)
122,7,17/07/03 01:44:00,310,311,1.7,98,21,90,I-35,North of Troy (MM 310)
123,8,17/07/03 01:44:00,311,315,3.9,183,38,73,I-35,Hillyard (MM 311)
124,9,17/07/03 01:44:00,315,319,2.5,136,14,89,I-35,SH-7 (MM 315)
125,10,17/07/03 01:44:00,319,322,3.6,174,8,90,I-35,Woodlawn Rd (MM 319)
126,11,17/07/03 01:44:00,322,324,2.1,132,7,67,I-35,FM-2837 (MM 322)
127,12,17/07/03 01:44:00,324,325,2.9,136,6,63,I-35,Cooksey Ln (MM 324)
128,13,17/07/03 01:44:00,325,328,2.1,111,28,84,I-35,FM-1695 (MM 325)
129,14,17/07/03 01:44:00,328,330,2.7,127,9,84,I-35,FM-2063 (MM 328)
130,15,17/07/03 01:44:00,330,334,3.3,190,22,63,I-35,Loop-340 (MM 330)
131,16,17/07/03 01:44:00,334,337,3.8,204,18,56,I-35,12th St (MM 334)
132,17,17/07/03 01:44:00,337,339,1.1,58,38,41,I-35,Bellmead (MM 337)
133,18,17/07/03 01:44:00,339,341,2.4,128,35,70,I-35,Meyers Ln (MM 339)
134,19,17/07/03 01:44:00,341,343,1.8,84,2,54,I-35,FM-2417 (MM 341)
135,20,17/07/03 01:44:00,343,346,4.1,242,31,86,I-35,FM-308 (MM 343)
136,21,17/07/03 01:44:00,346,351,4.4,187,2,81,I-35,Ross (MM 346)
137,22,17/07/03 01:44:00,351,355,3.3,209,39,65,I-35,Tokio Rd (MM 351)
138,23,17/07/03 01:44:00,355,359,4.3,206,8,89,I-35,County Line Rd (MM 355)
139,24,17/07/03 01:44:00,359,362,2.8,139,35,76,I-35,FM-1304 (MM 359)
140,25,17/07/03 01:44:00,362,363,2.1,97,22,53,I-35,County Road 3111 (MM 362)
141,26,17/07/03 01:44:00,363,367,2.4,124,20,80,I-35,County Road 3103 (MM 363)
142,27,17/07/03 01:44:00,367,368,2.8,145,9,89,I-35,FM-3267 (MM 367)
143,28,17/07/03 01:44:00,368,370,2.6,116,7,56,I-35E,Hillsboro (MM 368)
144,29,17/07/03 01:44:00,370,381,9.1,449,26,88,I-35E,I-35E/W Split (MM 370)
174,1,17/07/03 01:45:00,289,293,4.1,225,31,49,I-35,Tahuaya Rd (MM 289)
175,2,17/07/03 01:45:00,293,297,4.8,264,37,67,I-35,US-190 (MM 293)
176,3,17/07/03 01:45:00,297,301,2.6,144,38,61,I-35,Midway Dr (MM 297)
177,4,17/07/03 01:45:00,301,303,2.7,0,27,65,I-35,SH-53 (MM 301)
178,5,17/07/03 01:45:00,303,306,3.7,0,36,71,I-35,Industrial Blvd (MM 303)
179,6,17/07/03 01:45:00,306,310,3.2,162,29,78,I-35,FM-1237 (MM 306)
180,7,17/07/03 01:45:00,310,311,1.7,102,19,42,I-35,North of Troy (MM 310)
181,8,17/07/03 01:45:00,311,315,3.9,180,25,57,I-35,Hillyard (MM 311)
182,9,17/07/03 01:45:00,315,319,2.5,137,38,40,I-35,SH-7 (MM 315)
183,10,17/07/03 01:45:00,319,322,3.6,174,22,83,I-35,Woodlawn Rd (MM 319)
184,11,17/07/03 01:45:00,322,324,2.1,132,5,79,I-35,FM-2837 (MM 322)
185,12,17/07/03 01:45:00,324,325,2.9,140,37,43,I-35,Cooksey Ln (MM 324)
186,13,17/07/03 01:45:00,325,328,2.1,111,29,51,I-35,FM-1695 (MM 325)
187,14,17/07/03 01:45:00,328,330,2.7,129,20,52,I-35,FM-2063 (MM 328)
188,15,17/07/03 01:45:00,330,334,3.3,192,40,89,I-35,Loop-340 (MM 330)
189,16,17/07/03 01:45:00,334,337,3.8,202,9,51,I-35,12th St (MM 334)
190,17,17/07/03 01:45:00,337,339,1.1,58,16,72,I-35,Bellmead (MM 337)
191,18,17/07/03 01:45:00,339,341,2.4,127,25,76,I-35,Meyers Ln (MM 339)
192,19,17/07/03 01:45:00,341,343,1.8,84,15,58,I-35,FM-2417 (MM 341)
193,20,17/07/03 01:45:00,343,346,4.1,240,12,72,I-35,FM-308 (MM 343)
194,21,17/07/03 01:45:00,346,351,4.4,187,13,72,I-35,Ross (MM 346)
195,22,17/07/03 01:45:00,351,355,3.3,207,12,82,I-35,Tokio Rd (MM 351)
196,23,17/07/03 01:45:00,355,359,4.3,206,4,61,I-35,County Line Rd (MM 355)
197,24,17/07/03 01:45:00,359,362,2.8,142,24,69,I-35,FM-1304 (MM 359)
198,25,17/07/03 01:45:00,362,363,2.1,95,22,73,I-35,County Road 3111 (MM 362)
199,26,17/07/03 01:45:00,363,367,2.4,124,22,85,I-35,County Road 3103 (MM 363)
200,27,17/07/03 01:45:00,367,368,2.8,144,27,69,I-35,FM-3267 (MM 367)
201,28,17/07/03 01:45:00,368,370,2.6,116,23,66,I-35E,Hillsboro (MM 368)
202,29,17/07/03 01:45:00,370,381,9.1,449,17,59,I-35E,I-35E/W Split (MM 370)
203,1,17/07/03 01:45:00,289,293,4.1,222,7,42,I-35,Tahuaya Rd (MM 289)
204,2,17/07/03 01:45:00,293,297,4.8,264,36,80,I-35,US-190 (MM 293)
205,3,17/07/03 01:45:00,297,301,2.6,144,8,90,I-35,Midway Dr (MM 297)
206,4,17/07/03 01:45:00,301,303,2.7,0,30,43,I-35,SH-53 (MM 301)
207,5,17/07/03 01:45:00,303,306,3.7,0,3,68,I-35,Industrial Blvd (MM 303)
208,6,17/07/03 01:45:00,306,310,3.2,162,27,81,I-35,FM-1237 (MM 306)
209,7,17/07/03 01:45:00,310,311,1.7,102,14,63,I-35,North of Troy (MM 310)
210,8,17/07/03 01:45:00,311,315,3.9,180,20,80,I-35,Hillyard (MM 311)
211,9,17/07/03 01:45:00,315,319,2.5,137,3,70,I-35,SH-7 (MM 315)
212,10,17/07/03 01:45:00,319,322,3.6,173,18,79,I-35,Woodlawn Rd (MM 319)
213,11,17/07/03 01:45:00,322,324,2.1,134,18,87,I-35,FM-2837 (MM 322)
214,12,17/07/03 01:45:00,324,325,2.9,140,6,88,I-35,Cooksey Ln (MM 324)
215,13,17/07/03 01:45:00,325,328,2.1,112,10,41,I-35,FM-1695 (MM 325)
216,14,17/07/03 01:45:00,328,330,2.7,129,15,56,I-35,FM-2063 (MM 328)
217,15,17/07/03 01:45:00,330,334,3.3,191,22,82,I-35,Loop-340 (MM 330)
218,16,17/07/03 01:45:00,334,337,3.8,202,19,49,I-35,12th St (MM 334)
219,17,17/07/03 01:45:00,337,339,1.1,57,28,43,I-35,Bellmead (MM 337)
220,18,17/07/03 01:45:00,339,341,2.4,127,25,83,I-35,Meyers Ln (MM 339)
221,19,17/07/03 01:45:00,341,343,1.8,83,19,80,I-35,FM-2417 (MM 341)
222,20,17/07/03 01:45:00,343,346,4.1,239,13,57,I-35,FM-308 (MM 343)
223,21,17/07/03 01:45:00,346,351,4.4,186,4,50,I-35,Ross (MM 346)
224,22,17/07/03 01:45:00,351,355,3.3,207,29,73,I-35,Tokio Rd (MM 351)
225,23,17/07/03 01:45:00,355,359,4.3,208,33,69,I-35,County Line Rd (MM 355)
226,24,17/07/03 01:45:00,359,362,2.8,143,21,60,I-35,FM-1304 (MM 359)
227,25,17/07/03 01:45:00,362,363,2.1,94,17,79,I-35,County Road 3111 (MM 362)
228,26,17/07/03 01:45:00,363,367,2.4,125,11,77,I-35,County Road 3103 (MM 363)
229,27,17/07/03 01:45:00,367,368,2.8,144,32,72,I-35,FM-3267 (MM 367)
230,28,17/07/03 01:45:00,368,370,2.6,116,11,43,I-35E,Hillsboro (MM 368)
231,29,17/07/03 01:45:00,370,381,9.1,449,29,44,I-35E,I-35E/W Split (MM 370)
232,1,17/07/03 01:46:00,289,293,4.1,222,15,57,I-35,Tahuaya Rd (MM 289)
233,2,17/07/03 01:46:00,293,297,4.8,264,32,90,I-35,US-190 (MM 293)
234,3,17/07/03 01:46:00,297,301,2.6,144,35,77,I-35,Midway Dr (MM 297)
235,4,17/07/03 01:46:00,301,303,2.7,0,9,83,I-35,SH-53 (MM 301)
236,5,17/07/03 01:46:00,303,306,3.7,0,35,66,I-35,Industrial Blvd (MM 303)
237,6,17/07/03 01:46:00,306,310,3.2,160,38,90,I-35,FM-1237 (MM 306)
238,7,17/07/03 01:46:00,310,311,1.7,102,34,43,I-35,North of Troy (MM 310)
239,8,17/07/03 01:46:00,311,315,3.9,180,12,56,I-35,Hillyard (MM 311)
240,9,17/07/03 01:46:00,315,319,2.5,137,14,75,I-35,SH-7 (MM 315)
241,10,17/07/03 01:46:00,319,322,3.6,171,13,88,I-35,Woodlawn Rd (MM 319)
242,11,17/07/03 01:46:00,322,324,2.1,132,24,46,I-35,FM-2837 (MM 322)
243,12,17/07/03 01:46:00,324,325,2.9,140,9,80,I-35,Cooksey Ln (MM 324)
244,13,17/07/03 01:46:00,325,328,2.1,114,5,77,I-35,FM-1695 (MM 325)
245,14,17/07/03 01:46:00,328,330,2.7,128,32,85,I-35,FM-2063 (MM 328)
246,15,17/07/03 01:46:00,330,334,3.3,192,26,58,I-35,Loop-340 (MM 330)
247,16,17/07/03 01:46:00,334,337,3.8,202,37,41,I-35,12th St (MM 334)
248,17,17/07/03 01:46:00,337,339,1.1,57,4,85,I-35,Bellmead (MM 337)
249,18,17/07/03 01:46:00,339,341,2.4,127,29,63,I-35,Meyers Ln (MM 339)
250,19,17/07/03 01:46:00,341,343,1.8,83,29,62,I-35,FM-2417 (MM 341)
251,20,17/07/03 01:46:00,343,346,4.1,238,22,55,I-35,FM-308 (MM 343)
252,21,17/07/03 01:46:00,346,351,4.4,186,21,49,I-35,Ross (MM 346)
253,22,17/07/03 01:46:00,351,355,3.3,206,19,86,I-35,Tokio Rd (MM 351)
254,23,17/07/03 01:46:00,355,359,4.3,209,35,75,I-35,County Line Rd (MM 355)
255,24,17/07/03 01:46:00,359,362,2.8,143,20,70,I-35,FM-1304 (MM 359)
256,25,17/07/03 01:46:00,362,363,2.1,95,20,78,I-35,County Road 3111 (MM 362)
257,26,17/07/03 01:46:00,363,367,2.4,125,36,78,I-35,County Road 3103 (MM 363)
258,27,17/07/03 01:46:00,367,368,2.8,141,12,88,I-35,FM-3267 (MM 367)
259,28,17/07/03 01:46:00,368,370,2.6,117,22,53,I-35E,Hillsboro (MM 368)
260,29,17/07/03 01:46:00,370,381,9.1,449,28,52,I-35E,I-35E/W Split (MM 370)
261,1,17/07/03 01:46:00,289,293,4.1,218,15,68,I-35,Tahuaya Rd (MM 289)
262,2,17/07/03 01:46:00,293,297,4.8,264,7,62,I-35,US-190 (MM 293)
263,3,17/07/03 01:46:00,297,301,2.6,144,25,40,I-35,Midway Dr (MM 297)
264,4,17/07/03 01:46:00,301,303,2.7,0,33,68,I-35,SH-53 (MM 301)
265,5,17/07/03 01:46:00,303,306,3.7,0,18,59,I-35,Industrial Blvd (MM 303)
266,6,17/07/03 01:46:00,306,310,3.2,160,34,58,I-35,FM-1237 (MM 306)
267,7,17/07/03 01:46:00,310,311,1.7,102,37,62,I-35,North of Troy (MM 310)
268,8,17/07/03 01:46:00,311,315,3.9,183,35,61,I-35,Hillyard (MM 311)
269,9,17/07/03 01:46:00,315,319,2.5,137,14,55,I-35,SH-7 (MM 315)
270,10,17/07/03 01:46:00,319,322,3.6,173,18,80,I-35,Woodlawn Rd (MM 319)
271,11,17/07/03 01:46:00,322,324,2.1,134,10,73,I-35,FM-2837 (MM 322)
272,12,17/07/03 01:46:00,324,325,2.9,139,37,55,I-35,Cooksey Ln (MM 324)
273,13,17/07/03 01:46:00,325,328,2.1,114,18,63,I-35,FM-1695 (MM 325)
274,14,17/07/03 01:46:00,328,330,2.7,128,40,64,I-35,FM-2063 (MM 328)
275,15,17/07/03 01:46:00,330,334,3.3,189,16,53,I-35,Loop-340 (MM 330)
276,16,17/07/03 01:46:00,334,337,3.8,202,6,84,I-35,12th St (MM 334)
277,17,17/07/03 01:46:00,337,339,1.1,57,10,81,I-35,Bellmead (MM 337)
278,18,17/07/03 01:46:00,339,341,2.4,126,27,77,I-35,Meyers Ln (MM 339)
279,19,17/07/03 01:46:00,341,343,1.8,83,32,59,I-35,FM-2417 (MM 341)
280,20,17/07/03 01:46:00,343,346,4.1,238,38,60,I-35,FM-308 (MM 343)
281,21,17/07/03 01:46:00,346,351,4.4,186,30,86,I-35,Ross (MM 346)
282,22,17/07/03 01:46:00,351,355,3.3,207,18,43,I-35,Tokio Rd (MM 351)
283,23,17/07/03 01:46:00,355,359,4.3,211,25,50,I-35,County Line Rd (MM 355)
284,24,17/07/03 01:46:00,359,362,2.8,142,23,63,I-35,FM-1304 (MM 359)
285,25,17/07/03 01:46:00,362,363,2.1,95,35,70,I-35,County Road 3111 (MM 362)
286,26,17/07/03 01:46:00,363,367,2.4,125,13,63,I-35,County Road 3103 (MM 363)
287,27,17/07/03 01:46:00,367,368,2.8,140,35,80,I-35,FM-3267 (MM 367)
288,28,17/07/03 01:46:00,368,370,2.6,114,22,78,I-35E,Hillsboro (MM 368)
289,29,17/07/03 01:46:00,370,381,9.1,449,3,65,I-35E,I-35E/W Split (MM 370)
319,1,17/07/03 01:47:00,289,293,4.1,215,13,77,I-35,Tahuaya Rd (MM 289)
320,2,17/07/03 01:47:00,293,297,4.8,264,32,53,I-35,US-190 (MM 293)
321,3,17/07/03 01:47:00,297,301,2.6,143,9,69,I-35,Midway Dr (MM 297)
322,4,17/07/03 01:47:00,301,303,2.7,0,25,41,I-35,SH-53 (MM 301)
323,5,17/07/03 01:47:00,303,306,3.7,0,2,42,I-35,Industrial Blvd (MM 303)
324,6,17/07/03 01:47:00,306,310,3.2,160,7,70,I-35,FM-1237 (MM 306)
325,7,17/07/03 01:47:00,310,311,1.7,100,40,52,I-35,North of Troy (MM 310)
326,8,17/07/03 01:47:00,311,315,3.9,183,29,49,I-35,Hillyard (MM 311)
327,9,17/07/03 01:47:00,315,319,2.5,139,13,68,I-35,SH-7 (MM 315)
328,10,17/07/03 01:47:00,319,322,3.6,174,3,73,I-35,Woodlawn Rd (MM 319)
329,11,17/07/03 01:47:00,322,324,2.1,134,24,73,I-35,FM-2837 (MM 322)
330,12,17/07/03 01:47:00,324,325,2.9,140,17,64,I-35,Cooksey Ln (MM 324)
331,13,17/07/03 01:47:00,325,328,2.1,114,36,52,I-35,FM-1695 (MM 325)
332,14,17/07/03 01:47:00,328,330,2.7,127,16,56,I-35,FM-2063 (MM 328)
333,15,17/07/03 01:47:00,330,334,3.3,187,16,74,I-35,Loop-340 (MM 330)
334,16,17/07/03 01:47:00,334,337,3.8,205,38,56,I-35,12th St (MM 334)
335,17,17/07/03 01:47:00,337,339,1.1,57,24,67,I-35,Bellmead (MM 337)
336,18,17/07/03 01:47:00,339,341,2.4,126,3,85,I-35,Meyers Ln (MM 339)
337,19,17/07/03 01:47:00,341,343,1.8,83,5,48,I-35,FM-2417 (MM 341)
338,20,17/07/03 01:47:00,343,346,4.1,240,28,59,I-35,FM-308 (MM 343)
339,21,17/07/03 01:47:00,346,351,4.4,188,25,78,I-35,Ross (MM 346)
340,22,17/07/03 01:47:00,351,355,3.3,209,25,76,I-35,Tokio Rd (MM 351)
341,23,17/07/03 01:47:00,355,359,4.3,212,10,46,I-35,County Line Rd (MM 355)
342,24,17/07/03 01:47:00,359,362,2.8,142,30,83,I-35,FM-1304 (MM 359)
343,25,17/07/03 01:47:00,362,363,2.1,96,29,86,I-35,County Road 3111 (MM 362)
344,26,17/07/03 01:47:00,363,367,2.4,120,23,88,I-35,County Road 3103 (MM 363)
345,27,17/07/03 01:47:00,367,368,2.8,142,1,59,I-35,FM-3267 (MM 367)
346,28,17/07/03 01:47:00,368,370,2.6,117,20,49,I-35E,Hillsboro (MM 368)
347,29,17/07/03 01:47:00,370,381,9.1,468,22,51,I-35E,I-35E/W Split (MM 370)
348,1,17/07/03 01:48:00,289,293,4.1,215,12,78,I-35,Tahuaya Rd (MM 289)
349,2,17/07/03 01:48:00,293,297,4.8,259,7,85,I-35,US-190 (MM 293)
350,3,17/07/03 01:48:00,297,301,2.6,143,17,58,I-35,Midway Dr (MM 297)
351,4,17/07/03 01:48:00,301,303,2.7,0,27,65,I-35,SH-53 (MM 301)
352,5,17/07/03 01:48:00,303,306,3.7,0,5,41,I-35,Industrial Blvd (MM 303)
353,6,17/07/03 01:48:00,306,310,3.2,156,18,42,I-35,FM-1237 (MM 306)
354,7,17/07/03 01:48:00,310,311,1.7,99,14,73,I-35,North of Troy (MM 310)
355,8,17/07/03 01:48:00,311,315,3.9,189,19,76,I-35,Hillyard (MM 311)
356,9,17/07/03 01:48:00,315,319,2.5,139,38,84,I-35,SH-7 (MM 315)
357,10,17/07/03 01:48:00,319,322,3.6,174,23,59,I-35,Woodlawn Rd (MM 319)
358,11,17/07/03 01:48:00,322,324,2.1,131,14,48,I-35,FM-2837 (MM 322)
359,12,17/07/03 01:48:00,324,325,2.9,140,5,59,I-35,Cooksey Ln (MM 324)
360,13,17/07/03 01:48:00,325,328,2.1,112,9,84,I-35,FM-1695 (MM 325)
361,14,17/07/03 01:48:00,328,330,2.7,127,29,65,I-35,FM-2063 (MM 328)
362,15,17/07/03 01:48:00,330,334,3.3,189,15,72,I-35,Loop-340 (MM 330)
363,16,17/07/03 01:48:00,334,337,3.8,206,5,68,I-35,12th St (MM 334)
364,17,17/07/03 01:48:00,337,339,1.1,57,25,74,I-35,Bellmead (MM 337)
365,18,17/07/03 01:48:00,339,341,2.4,126,5,75,I-35,Meyers Ln (MM 339)
366,19,17/07/03 01:48:00,341,343,1.8,82,24,40,I-35,FM-2417 (MM 341)
367,20,17/07/03 01:48:00,343,346,4.1,240,37,52,I-35,FM-308 (MM 343)
368,21,17/07/03 01:48:00,346,351,4.4,188,24,81,I-35,Ross (MM 346)
369,22,17/07/03 01:48:00,351,355,3.3,209,6,73,I-35,Tokio Rd (MM 351)
370,23,17/07/03 01:48:00,355,359,4.3,211,18,60,I-35,County Line Rd (MM 355)
371,24,17/07/03 01:48:00,359,362,2.8,142,7,58,I-35,FM-1304 (MM 359)
372,25,17/07/03 01:48:00,362,363,2.1,96,22,50,I-35,County Road 3111 (MM 362)
373,26,17/07/03 01:48:00,363,367,2.4,120,4,69,I-35,County Road 3103 (MM 363)
374,27,17/07/03 01:48:00,367,368,2.8,142,20,69,I-35,FM-3267 (MM 367)
375,28,17/07/03 01:48:00,368,370,2.6,117,39,47,I-35E,Hillsboro (MM 368)
376,29,17/07/03 01:48:00,370,381,9.1,468,38,84,I-35E,I-35E/W Split (MM 370)
377,1,17/07/03 01:48:00,289,293,4.1,215,17,82,I-35,Tahuaya Rd (MM 289)
378,2,17/07/03 01:48:00,293,297,4.8,259,14,58,I-35,US-190 (MM 293)
379,3,17/07/03 01:48:00,297,301,2.6,143,33,76,I-35,Midway Dr (MM 297)
380,4,17/07/03 01:48:00,301,303,2.7,0,15,72,I-35,SH-53 (MM 301)
381,5,17/07/03 01:48:00,303,306,3.7,0,15,63,I-35,Industrial Blvd (MM 303)
382,6,17/07/03 01:48:00,306,310,3.2,156,8,60,I-35,FM-1237 (MM 306)
383,7,17/07/03 01:48:00,310,311,1.7,99,38,77,I-35,North of Troy (MM 310)
384,8,17/07/03 01:48:00,311,315,3.9,189,11,71,I-35,Hillyard (MM 311)
385,9,17/07/03 01:48:00,315,319,2.5,139,26,60,I-35,SH-7 (MM 315)
386,10,17/07/03 01:48:00,319,322,3.6,174,5,67,I-35,Woodlawn Rd (MM 319)
387,11,17/07/03 01:48:00,322,324,2.1,131,20,61,I-35,FM-2837 (MM 322)
388,12,17/07/03 01:48:00,324,325,2.9,140,34,85,I-35,Cooksey Ln (MM 324)
389,13,17/07/03 01:48:00,325,328,2.1,111,13,62,I-35,FM-1695 (MM 325)
390,14,17/07/03 01:48:00,328,330,2.7,127,26,83,I-35,FM-2063 (MM 328)
391,15,17/07/03 01:48:00,330,334,3.3,189,38,77,I-35,Loop-340 (MM 330)
392,16,17/07/03 01:48:00,334,337,3.8,205,22,83,I-35,12th St (MM 334)
393,17,17/07/03 01:48:00,337,339,1.1,57,25,76,I-35,Bellmead (MM 337)
394,18,17/07/03 01:48:00,339,341,2.4,126,17,64,I-35,Meyers Ln (MM 339)
395,19,17/07/03 01:48:00,341,343,1.8,82,29,50,I-35,FM-2417 (MM 341)
396,20,17/07/03 01:48:00,343,346,4.1,240,37,62,I-35,FM-308 (MM 343)
397,21,17/07/03 01:48:00,346,351,4.4,186,32,79,I-35,Ross (MM 346)
398,22,17/07/03 01:48:00,351,355,3.3,209,31,88,I-35,Tokio Rd (MM 351)
399,23,17/07/03 01:48:00,355,359,4.3,211,27,84,I-35,County Line Rd (MM 355)
400,24,17/07/03 01:48:00,359,362,2.8,142,34,84,I-35,FM-1304 (MM 359)
401,25,17/07/03 01:48:00,362,363,2.1,96,26,81,I-35,County Road 3111 (MM 362)
402,26,17/07/03 01:48:00,363,367,2.4,122,40,48,I-35,County Road 3103 (MM 363)
403,27,17/07/03 01:48:00,367,368,2.8,142,4,46,I-35,FM-3267 (MM 367)
404,28,17/07/03 01:48:00,368,370,2.6,124,2,59,I-35E,Hillsboro (MM 368)
405,29,17/07/03 01:48:00,370,381,9.1,468,15,86,I-35E,I-35E/W Split (MM 370)
406,1,17/07/03 01:49:00,289,293,4.1,214,18,50,I-35,Tahuaya Rd (MM 289)
407,2,17/07/03 01:49:00,293,297,4.8,259,14,55,I-35,US-190 (MM 293)
408,3,17/07/03 01:49:00,297,301,2.6,143,40,47,I-35,Midway Dr (MM 297)
409,4,17/07/03 01:49:00,301,303,2.7,0,39,51,I-35,SH-53 (MM 301)
410,5,17/07/03 01:49:00,303,306,3.7,0,10,70,I-35,Industrial Blvd (MM 303)
411,6,17/07/03 01:49:00,306,310,3.2,156,16,46,I-35,FM-1237 (MM 306)
412,7,17/07/03 01:49:00,310,311,1.7,99,39,89,I-35,North of Troy (MM 310)
413,8,17/07/03 01:49:00,311,315,3.9,189,24,69,I-35,Hillyard (MM 311)
414,9,17/07/03 01:49:00,315,319,2.5,139,18,75,I-35,SH-7 (MM 315)
415,10,17/07/03 01:49:00,319,322,3.6,174,37,40,I-35,Woodlawn Rd (MM 319)
416,11,17/07/03 01:49:00,322,324,2.1,131,25,72,I-35,FM-2837 (MM 322)
417,12,17/07/03 01:49:00,324,325,2.9,140,23,73,I-35,Cooksey Ln (MM 324)
418,13,17/07/03 01:49:00,325,328,2.1,111,35,48,I-35,FM-1695 (MM 325)
419,14,17/07/03 01:49:00,328,330,2.7,127,9,65,I-35,FM-2063 (MM 328)
420,15,17/07/03 01:49:00,330,334,3.3,192,16,40,I-35,Loop-340 (MM 330)
421,16,17/07/03 01:49:00,334,337,3.8,205,14,85,I-35,12th St (MM 334)
422,17,17/07/03 01:49:00,337,339,1.1,57,9,89,I-35,Bellmead (MM 337)
423,18,17/07/03 01:49:00,339,341,2.4,125,38,63,I-35,Meyers Ln (MM 339)
424,19,17/07/03 01:49:00,341,343,1.8,82,29,82,I-35,FM-2417 (MM 341)
425,20,17/07/03 01:49:00,343,346,4.1,239,2,54,I-35,FM-308 (MM 343)
426,21,17/07/03 01:49:00,346,351,4.4,187,10,60,I-35,Ross (MM 346)
427,22,17/07/03 01:49:00,351,355,3.3,209,14,62,I-35,Tokio Rd (MM 351)
428,23,17/07/03 01:49:00,355,359,4.3,211,3,44,I-35,County Line Rd (MM 355)
429,24,17/07/03 01:49:00,359,362,2.8,142,32,63,I-35,FM-1304 (MM 359)
430,25,17/07/03 01:49:00,362,363,2.1,96,26,74,I-35,County Road 3111 (MM 362)
431,26,17/07/03 01:49:00,363,367,2.4,122,35,44,I-35,County Road 3103 (MM 363)
432,27,17/07/03 01:49:00,367,368,2.8,143,29,79,I-35,FM-3267 (MM 367)
433,28,17/07/03 01:49:00,368,370,2.6,121,8,60,I-35E,Hillsboro (MM 368)
434,29,17/07/03 01:49:00,370,381,9.1,468,29,45,I-35E,I-35E/W Split (MM 370)
435,1,17/07/03 01:49:00,289,293,4.1,212,16,88,I-35,Tahuaya Rd (MM 289)
436,2,17/07/03 01:49:00,293,297,4.8,255,19,54,I-35,US-190 (MM 293)
437,3,17/07/03 01:49:00,297,301,2.6,143,28,66,I-35,Midway Dr (MM 297)
438,4,17/07/03 01:49:00,301,303,2.7,0,2,74,I-35,SH-53 (MM 301)
439,5,17/07/03 01:49:00,303,306,3.7,0,35,59,I-35,Industrial Blvd (MM 303)
440,6,17/07/03 01:49:00,306,310,3.2,156,31,69,I-35,FM-1237 (MM 306)
441,7,17/07/03 01:49:00,310,311,1.7,100,9,79,I-35,North of Troy (MM 310)
442,8,17/07/03 01:49:00,311,315,3.9,189,8,40,I-35,Hillyard (MM 311)
443,9,17/07/03 01:49:00,315,319,2.5,139,40,74,I-35,SH-7 (MM 315)
444,10,17/07/03 01:49:00,319,322,3.6,174,34,51,I-35,Woodlawn Rd (MM 319)
445,11,17/07/03 01:49:00,322,324,2.1,128,38,74,I-35,FM-2837 (MM 322)
446,12,17/07/03 01:49:00,324,325,2.9,140,24,46,I-35,Cooksey Ln (MM 324)
447,13,17/07/03 01:49:00,325,328,2.1,111,18,46,I-35,FM-1695 (MM 325)
448,14,17/07/03 01:49:00,328,330,2.7,127,8,66,I-35,FM-2063 (MM 328)
449,15,17/07/03 01:49:00,330,334,3.3,192,32,73,I-35,Loop-340 (MM 330)
450,16,17/07/03 01:49:00,334,337,3.8,205,3,83,I-35,12th St (MM 334)
451,17,17/07/03 01:49:00,337,339,1.1,57,8,55,I-35,Bellmead (MM 337)
452,18,17/07/03 01:49:00,339,341,2.4,125,3,73,I-35,Meyers Ln (MM 339)
453,19,17/07/03 01:49:00,341,343,1.8,82,21,45,I-35,FM-2417 (MM 341)
454,20,17/07/03 01:49:00,343,346,4.1,238,14,59,I-35,FM-308 (MM 343)
455,21,17/07/03 01:49:00,346,351,4.4,186,15,51,I-35,Ross (MM 346)
456,22,17/07/03 01:49:00,351,355,3.3,210,11,70,I-35,Tokio Rd (MM 351)
457,23,17/07/03 01:49:00,355,359,4.3,211,39,50,I-35,County Line Rd (MM 355)
458,24,17/07/03 01:49:00,359,362,2.8,144,39,77,I-35,FM-1304 (MM 359)
459,25,17/07/03 01:49:00,362,363,2.1,96,22,76,I-35,County Road 3111 (MM 362)
460,26,17/07/03 01:49:00,363,367,2.4,122,3,47,I-35,County Road 3103 (MM 363)
461,27,17/07/03 01:49:00,367,368,2.8,143,40,54,I-35,FM-3267 (MM 367)
462,28,17/07/03 01:49:00,368,370,2.6,121,24,53,I-35E,Hillsboro (MM 368)
463,29,17/07/03 01:49:00,370,381,9.1,468,36,84,I-35E,I-35E/W Split (MM 370)
464,1,17/07/03 01:50:00,289,293,4.1,213,40,70,I-35,Tahuaya Rd (MM 289)
465,2,17/07/03 01:50:00,293,297,4.8,253,32,47,I-35,US-190 (MM 293)
466,3,17/07/03 01:50:00,297,301,2.6,143,40,40,I-35,Midway Dr (MM 297)
467,4,17/07/03 01:50:00,301,303,2.7,0,35,48,I-35,SH-53 (MM 301)
468,5,17/07/03 01:50:00,303,306,3.7,0,18,84,I-35,Industrial Blvd (MM 303)
469,6,17/07/03 01:50:00,306,310,3.2,156,27,51,I-35,FM-1237 (MM 306)
470,7,17/07/03 01:50:00,310,311,1.7,99,17,76,I-35,North of Troy (MM 310)
471,8,17/07/03 01:50:00,311,315,3.9,189,27,65,I-35,Hillyard (MM 311)
472,9,17/07/03 01:50:00,315,319,2.5,139,17,40,I-35,SH-7 (MM 315)
473,10,17/07/03 01:50:00,319,322,3.6,173,18,65,I-35,Woodlawn Rd (MM 319)
474,11,17/07/03 01:50:00,322,324,2.1,128,24,49,I-35,FM-2837 (MM 322)
475,12,17/07/03 01:50:00,324,325,2.9,140,39,54,I-35,Cooksey Ln (MM 324)
476,13,17/07/03 01:50:00,325,328,2.1,113,14,68,I-35,FM-1695 (MM 325)
477,14,17/07/03 01:50:00,328,330,2.7,129,18,86,I-35,FM-2063 (MM 328)
478,15,17/07/03 01:50:00,330,334,3.3,193,21,75,I-35,Loop-340 (MM 330)
479,16,17/07/03 01:50:00,334,337,3.8,204,37,62,I-35,12th St (MM 334)
480,17,17/07/03 01:50:00,337,339,1.1,56,25,40,I-35,Bellmead (MM 337)
481,18,17/07/03 01:50:00,339,341,2.4,125,30,51,I-35,Meyers Ln (MM 339)
482,19,17/07/03 01:50:00,341,343,1.8,82,40,62,I-35,FM-2417 (MM 341)
483,20,17/07/03 01:50:00,343,346,4.1,237,19,83,I-35,FM-308 (MM 343)
484,21,17/07/03 01:50:00,346,351,4.4,187,31,60,I-35,Ross (MM 346)
485,22,17/07/03 01:50:00,351,355,3.3,208,17,77,I-35,Tokio Rd (MM 351)
486,23,17/07/03 01:50:00,355,359,4.3,211,5,71,I-35,County Line Rd (MM 355)
487,24,17/07/03 01:50:00,359,362,2.8,144,9,61,I-35,FM-1304 (MM 359)
488,25,17/07/03 01:50:00,362,363,2.1,96,17,61,I-35,County Road 3111 (MM 362)
489,26,17/07/03 01:50:00,363,367,2.4,122,38,81,I-35,County Road 3103 (MM 363)
490,27,17/07/03 01:50:00,367,368,2.8,142,5,84,I-35,FM-3267 (MM 367)
491,28,17/07/03 01:50:00,368,370,2.6,121,20,63,I-35E,Hillsboro (MM 368)
492,29,17/07/03 01:50:00,370,381,9.1,468,10,58,I-35E,I-35E/W Split (MM 370)
493,1,17/07/03 01:50:00,289,293,4.1,213,14,58,I-35,Tahuaya Rd (MM 289)
494,2,17/07/03 01:50:00,293,297,4.8,250,5,89,I-35,US-190 (MM 293)
495,3,17/07/03 01:50:00,297,301,2.6,143,8,45,I-35,Midway Dr (MM 297)
496,4,17/07/03 01:50:00,301,303,2.7,0,4,76,I-35,SH-53 (MM 301)
497,5,17/07/03 01:50:00,303,306,3.7,0,27,83,I-35,Industrial Blvd (MM 303)
498,6,17/07/03 01:50:00,306,310,3.2,156,16,66,I-35,FM-1237 (MM 306)
499,7,17/07/03 01:50:00,310,311,1.7,99,7,52,I-35,North of Troy (MM 310)
500,8,17/07/03 01:50:00,311,315,3.9,189,37,41,I-35,Hillyard (MM 311)
501,9,17/07/03 01:50:00,315,319,2.5,136,23,66,I-35,SH-7 (MM 315)
502,10,17/07/03 01:50:00,319,322,3.6,173,3,88,I-35,Woodlawn Rd (MM 319)
503,11,17/07/03 01:50:00,322,324,2.1,128,16,69,I-35,FM-2837 (MM 322)
504,12,17/07/03 01:50:00,324,325,2.9,141,27,67,I-35,Cooksey Ln (MM 324)
505,13,17/07/03 01:50:00,325,328,2.1,112,22,52,I-35,FM-1695 (MM 325)
506,14,17/07/03 01:50:00,328,330,2.7,129,36,79,I-35,FM-2063 (MM 328)
507,15,17/07/03 01:50:00,330,334,3.3,194,8,50,I-35,Loop-340 (MM 330)
508,16,17/07/03 01:50:00,334,337,3.8,204,38,74,I-35,12th St (MM 334)
509,17,17/07/03 01:50:00,337,339,1.1,56,32,64,I-35,Bellmead (MM 337)
510,18,17/07/03 01:50:00,339,341,2.4,126,38,85,I-35,Meyers Ln (MM 339)
511,19,17/07/03 01:50:00,341,343,1.8,82,38,61,I-35,FM-2417 (MM 341)
512,20,17/07/03 01:50:00,343,346,4.1,237,5,58,I-35,FM-308 (MM 343)
513,21,17/07/03 01:50:00,346,351,4.4,187,6,89,I-35,Ross (MM 346)
514,22,17/07/03 01:50:00,351,355,3.3,212,18,41,I-35,Tokio Rd (MM 351)
515,23,17/07/03 01:50:00,355,359,4.3,211,3,66,I-35,County Line Rd (MM 355)
516,24,17/07/03 01:50:00,359,362,2.8,145,29,81,I-35,FM-1304 (MM 359)
517,25,17/07/03 01:50:00,362,363,2.1,96,39,72,I-35,County Road 3111 (MM 362)
518,26,17/07/03 01:50:00,363,367,2.4,125,16,51,I-35,County Road 3103 (MM 363)
519,27,17/07/03 01:50:00,367,368,2.8,147,18,63,I-35,FM-3267 (MM 367)
520,28,17/07/03 01:50:00,368,370,2.6,121,15,47,I-35E,Hillsboro (MM 368)
521,29,17/07/03 01:50:00,370,381,9.1,475,4,65,I-35E,I-35E/W Split (MM 370)
522,1,17/07/03 01:51:00,289,293,4.1,208,18,80,I-35,Tahuaya Rd (MM 289)
523,2,17/07/03 01:51:00,293,297,4.8,251,34,72,I-35,US-190 (MM 293)
524,3,17/07/03 01:51:00,297,301,2.6,143,38,89,I-35,Midway Dr (MM 297)
525,4,17/07/03 01:51:00,301,303,2.7,0,28,69,I-35,SH-53 (MM 301)
526,5,17/07/03 01:51:00,303,306,3.7,0,34,73,I-35,Industrial Blvd (MM 303)
527,6,17/07/03 01:51:00,306,310,3.2,156,36,89,I-35,FM-1237 (MM 306)
528,7,17/07/03 01:51:00,310,311,1.7,99,5,76,I-35,North of Troy (MM 310)
529,8,17/07/03 01:51:00,311,315,3.9,190,19,76,I-35,Hillyard (MM 311)
530,9,17/07/03 01:51:00,315,319,2.5,131,33,55,I-35,SH-7 (MM 315)
531,10,17/07/03 01:51:00,319,322,3.6,173,13,77,I-35,Woodlawn Rd (MM 319)
532,11,17/07/03 01:51:00,322,324,2.1,128,33,68,I-35,FM-2837 (MM 322)
533,12,17/07/03 01:51:00,324,325,2.9,141,38,63,I-35,Cooksey Ln (MM 324)
534,13,17/07/03 01:51:00,325,328,2.1,114,30,78,I-35,FM-1695 (MM 325)
535,14,17/07/03 01:51:00,328,330,2.7,129,9,85,I-35,FM-2063 (MM 328)
536,15,17/07/03 01:51:00,330,334,3.3,194,6,90,I-35,Loop-340 (MM 330)
537,16,17/07/03 01:51:00,334,337,3.8,204,17,46,I-35,12th St (MM 334)
538,17,17/07/03 01:51:00,337,339,1.1,57,24,46,I-35,Bellmead (MM 337)
539,18,17/07/03 01:51:00,339,341,2.4,126,27,44,I-35,Meyers Ln (MM 339)
540,19,17/07/03 01:51:00,341,343,1.8,82,28,52,I-35,FM-2417 (MM 341)
541,20,17/07/03 01:51:00,343,346,4.1,236,15,42,I-35,FM-308 (MM 343)
542,21,17/07/03 01:51:00,346,351,4.4,187,28,47,I-35,Ross (MM 346)
543,22,17/07/03 01:51:00,351,355,3.3,213,18,76,I-35,Tokio Rd (MM 351)
544,23,17/07/03 01:51:00,355,359,4.3,212,9,74,I-35,County Line Rd (MM 355)
545,24,17/07/03 01:51:00,359,362,2.8,145,33,41,I-35,FM-1304 (MM 359)
546,25,17/07/03 01:51:00,362,363,2.1,98,20,82,I-35,County Road 3111 (MM 362)
547,26,17/07/03 01:51:00,363,367,2.4,125,6,50,I-35,County Road 3103 (MM 363)
548,27,17/07/03 01:51:00,367,368,2.8,143,24,57,I-35,FM-3267 (MM 367)
549,28,17/07/03 01:51:00,368,370,2.6,121,28,87,I-35E,Hillsboro (MM 368)
550,29,17/07/03 01:51:00,370,381,9.1,475,14,70,I-35E,I-35E/W Split (MM 370)
551,1,17/07/03 01:51:00,289,293,4.1,208,14,61,I-35,Tahuaya Rd (MM 289)
552,2,17/07/03 01:51:00,293,297,4.8,251,23,63,I-35,US-190 (MM 293)
553,3,17/07/03 01:51:00,297,301,2.6,146,20,42,I-35,Midway Dr (MM 297)
554,4,17/07/03 01:51:00,301,303,2.7,0,13,68,I-35,SH-53 (MM 301)
555,5,17/07/03 01:51:00,303,306,3.7,0,34,78,I-35,Industrial Blvd (MM 303)
556,6,17/07/03 01:51:00,306,310,3.2,157,34,72,I-35,FM-1237 (MM 306)
557,7,17/07/03 01:51:00,310,311,1.7,99,5,59,I-35,North of Troy (MM 310)
558,8,17/07/03 01:51:00,311,315,3.9,190,10,58,I-35,Hillyard (MM 311)
559,9,17/07/03 01:51:00,315,319,2.5,131,40,76,I-35,SH-7 (MM 315)
560,10,17/07/03 01:51:00,319,322,3.6,173,28,74,I-35,Woodlawn Rd (MM 319)
561,11,17/07/03 01:51:00,322,324,2.1,128,30,47,I-35,FM-2837 (MM 322)
562,12,17/07/03 01:51:00,324,325,2.9,141,39,77,I-35,Cooksey Ln (MM 324)
563,13,17/07/03 01:51:00,325,328,2.1,114,24,45,I-35,FM-1695 (MM 325)
564,14,17/07/03 01:51:00,328,330,2.7,124,14,68,I-35,FM-2063 (MM 328)
565,15,17/07/03 01:51:00,330,334,3.3,194,5,90,I-35,Loop-340 (MM 330)
566,16,17/07/03 01:51:00,334,337,3.8,204,39,89,I-35,12th St (MM 334)
567,17,17/07/03 01:51:00,337,339,1.1,56,7,41,I-35,Bellmead (MM 337)
568,18,17/07/03 01:51:00,339,341,2.4,127,27,57,I-35,Meyers Ln (MM 339)
569,19,17/07/03 01:51:00,341,343,1.8,82,8,40,I-35,FM-2417 (MM 341)
570,20,17/07/03 01:51:00,343,346,4.1,237,9,47,I-35,FM-308 (MM 343)
571,21,17/07/03 01:51:00,346,351,4.4,187,22,72,I-35,Ross (MM 346)
572,22,17/07/03 01:51:00,351,355,3.3,213,8,48,I-35,Tokio Rd (MM 351)
573,23,17/07/03 01:51:00,355,359,4.3,212,1,84,I-35,County Line Rd (MM 355)
574,24,17/07/03 01:51:00,359,362,2.8,145,30,46,I-35,FM-1304 (MM 359)
575,25,17/07/03 01:51:00,362,363,2.1,98,21,43,I-35,County Road 3111 (MM 362)
576,26,17/07/03 01:51:00,363,367,2.4,125,26,43,I-35,County Road 3103 (MM 363)
577,27,17/07/03 01:51:00,367,368,2.8,143,5,82,I-35,FM-3267 (MM 367)
578,28,17/07/03 01:51:00,368,370,2.6,121,10,46,I-35E,Hillsboro (MM 368)
579,29,17/07/03 01:51:00,370,381,9.1,475,23,58,I-35E,I-35E/W Split (MM 370)
580,1,17/07/03 01:52:00,289,293,4.1,207,28,82,I-35,Tahuaya Rd (MM 289)
581,2,17/07/03 01:52:00,293,297,4.8,251,1,46,I-35,US-190 (MM 293)
582,3,17/07/03 01:52:00,297,301,2.6,142,11,45,I-35,Midway Dr (MM 297)
583,4,17/07/03 01:52:00,301,303,2.7,0,29,41,I-35,SH-53 (MM 301)
584,5,17/07/03 01:52:00,303,306,3.7,0,2,79,I-35,Industrial Blvd (MM 303)
585,6,17/07/03 01:52:00,306,310,3.2,154,40,59,I-35,FM-1237 (MM 306)
586,7,17/07/03 01:52:00,310,311,1.7,99,36,43,I-35,North of Troy (MM 310)
587,8,17/07/03 01:52:00,311,315,3.9,190,16,75,I-35,Hillyard (MM 311)
588,9,17/07/03 01:52:00,315,319,2.5,131,21,58,I-35,SH-7 (MM 315)
589,10,17/07/03 01:52:00,319,322,3.6,173,17,63,I-35,Woodlawn Rd (MM 319)
590,11,17/07/03 01:52:00,322,324,2.1,126,2,84,I-35,FM-2837 (MM 322)
591,12,17/07/03 01:52:00,324,325,2.9,143,33,47,I-35,Cooksey Ln (MM 324)
592,13,17/07/03 01:52:00,325,328,2.1,115,21,84,I-35,FM-1695 (MM 325)
593,14,17/07/03 01:52:00,328,330,2.7,126,18,53,I-35,FM-2063 (MM 328)
594,15,17/07/03 01:52:00,330,334,3.3,194,2,49,I-35,Loop-340 (MM 330)
595,16,17/07/03 01:52:00,334,337,3.8,206,26,89,I-35,12th St (MM 334)
596,17,17/07/03 01:52:00,337,339,1.1,57,24,90,I-35,Bellmead (MM 337)
597,18,17/07/03 01:52:00,339,341,2.4,127,24,43,I-35,Meyers Ln (MM 339)
598,19,17/07/03 01:52:00,341,343,1.8,82,12,65,I-35,FM-2417 (MM 341)
599,20,17/07/03 01:52:00,343,346,4.1,236,4,45,I-35,FM-308 (MM 343)
600,21,17/07/03 01:52:00,346,351,4.4,186,28,85,I-35,Ross (MM 346)
601,22,17/07/03 01:52:00,351,355,3.3,213,8,59,I-35,Tokio Rd (MM 351)
602,23,17/07/03 01:52:00,355,359,4.3,212,15,57,I-35,County Line Rd (MM 355)
603,24,17/07/03 01:52:00,359,362,2.8,145,40,47,I-35,FM-1304 (MM 359)
604,25,17/07/03 01:52:00,362,363,2.1,98,38,84,I-35,County Road 3111 (MM 362)
605,26,17/07/03 01:52:00,363,367,2.4,125,30,67,I-35,County Road 3103 (MM 363)
606,27,17/07/03 01:52:00,367,368,2.8,143,16,69,I-35,FM-3267 (MM 367)
607,28,17/07/03 01:52:00,368,370,2.6,117,24,71,I-35E,Hillsboro (MM 368)
608,29,17/07/03 01:52:00,370,381,9.1,475,2,49,I-35E,I-35E/W Split (MM 370)
609,1,17/07/03 01:52:00,289,293,4.1,207,8,61,I-35,Tahuaya Rd (MM 289)
610,2,17/07/03 01:52:00,293,297,4.8,251,27,56,I-35,US-190 (MM 293)
611,3,17/07/03 01:52:00,297,301,2.6,142,35,89,I-35,Midway Dr (MM 297)
612,4,17/07/03 01:52:00,301,303,2.7,0,15,68,I-35,SH-53 (MM 301)
613,5,17/07/03 01:52:00,303,306,3.7,0,5,88,I-35,Industrial Blvd (MM 303)
614,6,17/07/03 01:52:00,306,310,3.2,156,39,48,I-35,FM-1237 (MM 306)
615,7,17/07/03 01:52:00,310,311,1.7,99,9,90,I-35,North of Troy (MM 310)
616,8,17/07/03 01:52:00,311,315,3.9,189,23,75,I-35,Hillyard (MM 311)
617,9,17/07/03 01:52:00,315,319,2.5,131,2,77,I-35,SH-7 (MM 315)
618,10,17/07/03 01:52:00,319,322,3.6,174,18,59,I-35,Woodlawn Rd (MM 319)
619,11,17/07/03 01:52:00,322,324,2.1,126,21,77,I-35,FM-2837 (MM 322)
620,12,17/07/03 01:52:00,324,325,2.9,143,32,76,I-35,Cooksey Ln (MM 324)
621,13,17/07/03 01:52:00,325,328,2.1,115,11,59,I-35,FM-1695 (MM 325)
622,14,17/07/03 01:52:00,328,330,2.7,126,22,74,I-35,FM-2063 (MM 328)
623,15,17/07/03 01:52:00,330,334,3.3,195,38,85,I-35,Loop-340 (MM 330)
624,16,17/07/03 01:52:00,334,337,3.8,208,15,53,I-35,12th St (MM 334)
625,17,17/07/03 01:52:00,337,339,1.1,57,24,85,I-35,Bellmead (MM 337)
626,18,17/07/03 01:52:00,339,341,2.4,127,32,41,I-35,Meyers Ln (MM 339)
627,19,17/07/03 01:52:00,341,343,1.8,82,22,41,I-35,FM-2417 (MM 341)
628,20,17/07/03 01:52:00,343,346,4.1,235,36,56,I-35,FM-308 (MM 343)
629,21,17/07/03 01:52:00,346,351,4.4,186,36,77,I-35,Ross (MM 346)
630,22,17/07/03 01:52:00,351,355,3.3,213,29,42,I-35,Tokio Rd (MM 351)
631,23,17/07/03 01:52:00,355,359,4.3,212,25,89,I-35,County Line Rd (MM 355)
632,24,17/07/03 01:52:00,359,362,2.8,145,4,47,I-35,FM-1304 (MM 359)
633,25,17/07/03 01:52:00,362,363,2.1,98,4,52,I-35,County Road 3111 (MM 362)
634,26,17/07/03 01:52:00,363,367,2.4,123,14,45,I-35,County Road 3103 (MM 363)
635,27,17/07/03 01:52:00,367,368,2.8,149,9,40,I-35,FM-3267 (MM 367)
636,28,17/07/03 01:52:00,368,370,2.6,117,21,84,I-35E,Hillsboro (MM 368)
637,29,17/07/03 01:52:00,370,381,9.1,494,3,43,I-35E,I-35E/W Split (MM 370)
638,1,17/07/03 01:53:00,289,293,4.1,208,4,87,I-35,Tahuaya Rd (MM 289)
639,2,17/07/03 01:53:00,293,297,4.8,251,22,55,I-35,US-190 (MM 293)
640,3,17/07/03 01:53:00,297,301,2.6,141,34,81,I-35,Midway Dr (MM 297)
641,4,17/07/03 01:53:00,301,303,2.7,0,39,90,I-35,SH-53 (MM 301)
642,5,17/07/03 01:53:00,303,306,3.7,0,27,81,I-35,Industrial Blvd (MM 303)
643,6,17/07/03 01:53:00,306,310,3.2,156,20,65,I-35,FM-1237 (MM 306)
644,7,17/07/03 01:53:00,310,311,1.7,99,1,67,I-35,North of Troy (MM 310)
645,8,17/07/03 01:53:00,311,315,3.9,189,14,43,I-35,Hillyard (MM 311)
646,9,17/07/03 01:53:00,315,319,2.5,131,29,67,I-35,SH-7 (MM 315)
647,10,17/07/03 01:53:00,319,322,3.6,174,26,76,I-35,Woodlawn Rd (MM 319)
648,11,17/07/03 01:53:00,322,324,2.1,126,27,69,I-35,FM-2837 (MM 322)
649,12,17/07/03 01:53:00,324,325,2.9,143,30,76,I-35,Cooksey Ln (MM 324)
650,13,17/07/03 01:53:00,325,328,2.1,115,8,88,I-35,FM-1695 (MM 325)
651,14,17/07/03 01:53:00,328,330,2.7,125,25,87,I-35,FM-2063 (MM 328)
652,15,17/07/03 01:53:00,330,334,3.3,195,27,45,I-35,Loop-340 (MM 330)
653,16,17/07/03 01:53:00,334,337,3.8,207,30,88,I-35,12th St (MM 334)
654,17,17/07/03 01:53:00,337,339,1.1,58,19,73,I-35,Bellmead (MM 337)
655,18,17/07/03 01:53:00,339,341,2.4,126,38,80,I-35,Meyers Ln (MM 339)
656,19,17/07/03 01:53:00,341,343,1.8,83,10,87,I-35,FM-2417 (MM 341)
657,20,17/07/03 01:53:00,343,346,4.1,235,33,52,I-35,FM-308 (MM 343)
658,21,17/07/03 01:53:00,346,351,4.4,185,22,87,I-35,Ross (MM 346)
659,22,17/07/03 01:53:00,351,355,3.3,213,18,90,I-35,Tokio Rd (MM 351)
660,23,17/07/03 01:53:00,355,359,4.3,209,13,52,I-35,County Line Rd (MM 355)
661,24,17/07/03 01:53:00,359,362,2.8,146,11,40,I-35,FM-1304 (MM 359)
662,25,17/07/03 01:53:00,362,363,2.1,98,31,44,I-35,County Road 3111 (MM 362)
663,26,17/07/03 01:53:00,363,367,2.4,123,32,84,I-35,County Road 3103 (MM 363)
664,27,17/07/03 01:53:00,367,368,2.8,149,14,47,I-35,FM-3267 (MM 367)
665,28,17/07/03 01:53:00,368,370,2.6,113,16,42,I-35E,Hillsboro (MM 368)
666,29,17/07/03 01:53:00,370,381,9.1,494,14,53,I-35E,I-35E/W Split (MM 370)
667,1,17/07/03 01:53:00,289,293,4.1,208,35,52,I-35,Tahuaya Rd (MM 289)
668,2,17/07/03 01:53:00,293,297,4.8,250,28,83,I-35,US-190 (MM 293)
669,3,17/07/03 01:53:00,297,301,2.6,141,3,67,I-35,Midway Dr (MM 297)
670,4,17/07/03 01:53:00,301,303,2.7,0,3,84,I-35,SH-53 (MM 301)
671,5,17/07/03 01:53:00,303,306,3.7,0,35,53,I-35,Industrial Blvd (MM 303)
672,6,17/07/03 01:53:00,306,310,3.2,156,36,83,I-35,FM-1237 (MM 306)
673,7,17/07/03 01:53:00,310,311,1.7,99,32,79,I-35,North of Troy (MM 310)
674,8,17/07/03 01:53:00,311,315,3.9,186,39,64,I-35,Hillyard (MM 311)
675,9,17/07/03 01:53:00,315,319,2.5,131,24,43,I-35,SH-7 (MM 315)
676,10,17/07/03 01:53:00,319,322,3.6,174,16,55,I-35,Woodlawn Rd (MM 319)
677,11,17/07/03 01:53:00,322,324,2.1,128,10,79,I-35,FM-2837 (MM 322)
678,12,17/07/03 01:53:00,324,325,2.9,147,18,87,I-35,Cooksey Ln (MM 324)
679,13,17/07/03 01:53:00,325,328,2.1,117,22,77,I-35,FM-1695 (MM 325)
680,14,17/07/03 01:53:00,328,330,2.7,125,37,74,I-35,FM-2063 (MM 328)
681,15,17/07/03 01:53:00,330,334,3.3,194,34,69,I-35,Loop-340 (MM 330)
682,16,17/07/03 01:53:00,334,337,3.8,207,19,58,I-35,12th St (MM 334)
683,17,17/07/03 01:53:00,337,339,1.1,58,10,49,I-35,Bellmead (MM 337)
684,18,17/07/03 01:53:00,339,341,2.4,126,2,53,I-35,Meyers Ln (MM 339)
685,19,17/07/03 01:53:00,341,343,1.8,84,40,73,I-35,FM-2417 (MM 341)
686,20,17/07/03 01:53:00,343,346,4.1,235,24,48,I-35,FM-308 (MM 343)
687,21,17/07/03 01:53:00,346,351,4.4,185,21,73,I-35,Ross (MM 346)
688,22,17/07/03 01:53:00,351,355,3.3,214,24,41,I-35,Tokio Rd (MM 351)
689,23,17/07/03 01:53:00,355,359,4.3,213,27,74,I-35,County Line Rd (MM 355)
690,24,17/07/03 01:53:00,359,362,2.8,147,21,72,I-35,FM-1304 (MM 359)
691,25,17/07/03 01:53:00,362,363,2.1,98,19,68,I-35,County Road 3111 (MM 362)
692,26,17/07/03 01:53:00,363,367,2.4,124,11,56,I-35,County Road 3103 (MM 363)
693,27,17/07/03 01:53:00,367,368,2.8,151,12,88,I-35,FM-3267 (MM 367)
694,28,17/07/03 01:53:00,368,370,2.6,117,17,74,I-35E,Hillsboro (MM 368)
695,29,17/07/03 01:53:00,370,381,9.1,494,6,80,I-35E,I-35E/W Split (MM 370)
696,1,17/07/03 01:54:00,289,293,4.1,208,18,66,I-35,Tahuaya Rd (MM 289)
697,2,17/07/03 01:54:00,293,297,4.8,248,25,56,I-35,US-190 (MM 293)
698,3,17/07/03 01:54:00,297,301,2.6,143,19,83,I-35,Midway Dr (MM 297)
699,4,17/07/03 01:54:00,301,303,2.7,0,13,74,I-35,SH-53 (MM 301)
700,5,17/07/03 01:54:00,303,306,3.7,0,28,70,I-35,Industrial Blvd (MM 303)
701,6,17/07/03 01:54:00,306,310,3.2,156,26,86,I-35,FM-1237 (MM 306)
702,7,17/07/03 01:54:00,310,311,1.7,99,5,87,I-35,North of Troy (MM 310)
703,8,17/07/03 01:54:00,311,315,3.9,190,5,44,I-35,Hillyard (MM 311)
704,9,17/07/03 01:54:00,315,319,2.5,131,39,53,I-35,SH-7 (MM 315)
705,10,17/07/03 01:54:00,319,322,3.6,170,13,70,I-35,Woodlawn Rd (MM 319)
706,11,17/07/03 01:54:00,322,324,2.1,128,25,55,I-35,FM-2837 (MM 322)
707,12,17/07/03 01:54:00,324,325,2.9,146,29,74,I-35,Cooksey Ln (MM 324)
708,13,17/07/03 01:54:00,325,328,2.1,117,3,48,I-35,FM-1695 (MM 325)
709,14,17/07/03 01:54:00,328,330,2.7,125,24,77,I-35,FM-2063 (MM 328)
710,15,17/07/03 01:54:00,330,334,3.3,196,33,59,I-35,Loop-340 (MM 330)
711,16,17/07/03 01:54:00,334,337,3.8,207,28,66,I-35,12th St (MM 334)
712,17,17/07/03 01:54:00,337,339,1.1,57,1,51,I-35,Bellmead (MM 337)
713,18,17/07/03 01:54:00,339,341,2.4,127,36,85,I-35,Meyers Ln (MM 339)
714,19,17/07/03 01:54:00,341,343,1.8,84,10,88,I-35,FM-2417 (MM 341)
715,20,17/07/03 01:54:00,343,346,4.1,235,39,77,I-35,FM-308 (MM 343)
716,21,17/07/03 01:54:00,346,351,4.4,186,32,49,I-35,Ross (MM 346)
717,22,17/07/03 01:54:00,351,355,3.3,215,12,46,I-35,Tokio Rd (MM 351)
718,23,17/07/03 01:54:00,355,359,4.3,213,14,55,I-35,County Line Rd (MM 355)
719,24,17/07/03 01:54:00,359,362,2.8,147,17,41,I-35,FM-1304 (MM 359)
720,25,17/07/03 01:54:00,362,363,2.1,99,32,83,I-35,County Road 3111 (MM 362)
721,26,17/07/03 01:54:00,363,367,2.4,124,26,75,I-35,County Road 3103 (MM 363)
722,27,17/07/03 01:54:00,367,368,2.8,156,17,69,I-35,FM-3267 (MM 367)
723,28,17/07/03 01:54:00,368,370,2.6,117,15,58,I-35E,Hillsboro (MM 368)
724,29,17/07/03 01:54:00,370,381,9.1,494,28,41,I-35E,I-35E/W Split (MM 370)
725,1,17/07/03 01:54:00,289,293,4.1,208,38,58,I-35,Tahuaya Rd (MM 289)
726,2,17/07/03 01:54:00,293,297,4.8,249,6,60,I-35,US-190 (MM 293)
727,3,17/07/03 01:54:00,297,301,2.6,144,37,56,I-35,Midway Dr (MM 297)
728,4,17/07/03 01:54:00,301,303,2.7,0,20,52,I-35,SH-53 (MM 301)
729,5,17/07/03 01:54:00,303,306,3.7,0,33,48,I-35,Industrial Blvd (MM 303)
730,6,17/07/03 01:54:00,306,310,3.2,156,33,67,I-35,FM-1237 (MM 306)
731,7,17/07/03 01:54:00,310,311,1.7,102,6,74,I-35,North of Troy (MM 310)
732,8,17/07/03 01:54:00,311,315,3.9,192,38,64,I-35,Hillyard (MM 311)
733,9,17/07/03 01:54:00,315,319,2.5,131,39,62,I-35,SH-7 (MM 315)
734,10,17/07/03 01:54:00,319,322,3.6,168,3,58,I-35,Woodlawn Rd (MM 319)
735,11,17/07/03 01:54:00,322,324,2.1,128,28,67,I-35,FM-2837 (MM 322)
736,12,17/07/03 01:54:00,324,325,2.9,146,38,54,I-35,Cooksey Ln (MM 324)
737,13,17/07/03 01:54:00,325,328,2.1,117,21,76,I-35,FM-1695 (MM 325)
738,14,17/07/03 01:54:00,328,330,2.7,126,16,53,I-35,FM-2063 (MM 328)
739,15,17/07/03 01:54:00,330,334,3.3,196,38,78,I-35,Loop-340 (MM 330)
740,16,17/07/03 01:54:00,334,337,3.8,207,14,64,I-35,12th St (MM 334)
741,17,17/07/03 01:54:00,337,339,1.1,57,8,64,I-35,Bellmead (MM 337)
742,18,17/07/03 01:54:00,339,341,2.4,127,6,58,I-35,Meyers Ln (MM 339)
743,19,17/07/03 01:54:00,341,343,1.8,83,11,50,I-35,FM-2417 (MM 341)
744,20,17/07/03 01:54:00,343,346,4.1,235,5,58,I-35,FM-308 (MM 343)
745,21,17/07/03 01:54:00,346,351,4.4,186,18,47,I-35,Ross (MM 346)
746,22,17/07/03 01:54:00,351,355,3.3,215,13,72,I-35,Tokio Rd (MM 351)
747,23,17/07/03 01:54:00,355,359,4.3,212,30,58,I-35,County Line Rd (MM 355)
748,24,17/07/03 01:54:00,359,362,2.8,148,36,68,I-35,FM-1304 (MM 359)
749,25,17/07/03 01:54:00,362,363,2.1,99,35,88,I-35,County Road 3111 (MM 362)
750,26,17/07/03 01:54:00,363,367,2.4,125,19,53,I-35,County Road 3103 (MM 363)
751,27,17/07/03 01:54:00,367,368,2.8,156,10,63,I-35,FM-3267 (MM 367)
752,28,17/07/03 01:54:00,368,370,2.6,117,24,56,I-35E,Hillsboro (MM 368)
753,29,17/07/03 01:54:00,370,381,9.1,494,11,71,I-35E,I-35E/W Split (MM 370)
754,1,17/07/03 01:55:00,289,293,4.1,208,38,56,I-35,Tahuaya Rd (MM 289)
755,2,17/07/03 01:55:00,293,297,4.8,249,30,61,I-35,US-190 (MM 293)
756,3,17/07/03 01:55:00,297,301,2.6,140,1,64,I-35,Midway Dr (MM 297)
757,4,17/07/03 01:55:00,301,303,2.7,0,15,42,I-35,SH-53 (MM 301)
758,5,17/07/03 01:55:00,303,306,3.7,0,14,78,I-35,Industrial Blvd (MM 303)
759,6,17/07/03 01:55:00,306,310,3.2,156,15,42,I-35,FM-1237 (MM 306)
760,7,17/07/03 01:55:00,310,311,1.7,102,14,54,I-35,North of Troy (MM 310)
761,8,17/07/03 01:55:00,311,315,3.9,192,30,64,I-35,Hillyard (MM 311)
762,9,17/07/03 01:55:00,315,319,2.5,131,4,67,I-35,SH-7 (MM 315)
763,10,17/07/03 01:55:00,319,322,3.6,168,17,46,I-35,Woodlawn Rd (MM 319)
764,11,17/07/03 01:55:00,322,324,2.1,129,3,67,I-35,FM-2837 (MM 322)
765,12,17/07/03 01:55:00,324,325,2.9,146,40,72,I-35,Cooksey Ln (MM 324)
766,13,17/07/03 01:55:00,325,328,2.1,122,3,75,I-35,FM-1695 (MM 325)
767,14,17/07/03 01:55:00,328,330,2.7,126,36,78,I-35,FM-2063 (MM 328)
768,15,17/07/03 01:55:00,330,334,3.3,196,23,76,I-35,Loop-340 (MM 330)
769,16,17/07/03 01:55:00,334,337,3.8,207,29,57,I-35,12th St (MM 334)
770,17,17/07/03 01:55:00,337,339,1.1,57,18,76,I-35,Bellmead (MM 337)
771,18,17/07/03 01:55:00,339,341,2.4,128,14,69,I-35,Meyers Ln (MM 339)
772,19,17/07/03 01:55:00,341,343,1.8,83,12,51,I-35,FM-2417 (MM 341)
773,20,17/07/03 01:55:00,343,346,4.1,235,38,41,I-35,FM-308 (MM 343)
774,21,17/07/03 01:55:00,346,351,4.4,186,39,79,I-35,Ross (MM 346)
775,22,17/07/03 01:55:00,351,355,3.3,213,30,43,I-35,Tokio Rd (MM 351)
776,23,17/07/03 01:55:00,355,359,4.3,215,38,73,I-35,County Line Rd (MM 355)
777,24,17/07/03 01:55:00,359,362,2.8,148,36,44,I-35,FM-1304 (MM 359)
778,25,17/07/03 01:55:00,362,363,2.1,99,39,60,I-35,County Road 3111 (MM 362)
779,26,17/07/03 01:55:00,363,367,2.4,125,32,88,I-35,County Road 3103 (MM 363)
780,27,17/07/03 01:55:00,367,368,2.8,153,35,62,I-35,FM-3267 (MM 367)
781,28,17/07/03 01:55:00,368,370,2.6,117,28,80,I-35E,Hillsboro (MM 368)
782,29,17/07/03 01:55:00,370,381,9.1,495,12,76,I-35E,I-35E/W Split (MM 370)
783,1,17/07/03 01:55:00,289,293,4.1,208,18,59,I-35,Tahuaya Rd (MM 289)
784,2,17/07/03 01:55:00,293,297,4.8,247,26,44,I-35,US-190 (MM 293)
785,3,17/07/03 01:55:00,297,301,2.6,140,8,50,I-35,Midway Dr (MM 297)
786,4,17/07/03 01:55:00,301,303,2.7,0,1,61,I-35,SH-53 (MM 301)
787,5,17/07/03 01:55:00,303,306,3.7,0,12,42,I-35,Industrial Blvd (MM 303)
788,6,17/07/03 01:55:00,306,310,3.2,155,9,87,I-35,FM-1237 (MM 306)
789,7,17/07/03 01:55:00,310,311,1.7,102,5,76,I-35,North of Troy (MM 310)
790,8,17/07/03 01:55:00,311,315,3.9,192,24,49,I-35,Hillyard (MM 311)
791,9,17/07/03 01:55:00,315,319,2.5,131,1,79,I-35,SH-7 (MM 315)
792,10,17/07/03 01:55:00,319,322,3.6,168,16,74,I-35,Woodlawn Rd (MM 319)
793,11,17/07/03 01:55:00,322,324,2.1,129,25,74,I-35,FM-2837 (MM 322)
794,12,17/07/03 01:55:00,324,325,2.9,149,37,75,I-35,Cooksey Ln (MM 324)
795,13,17/07/03 01:55:00,325,328,2.1,123,39,49,I-35,FM-1695 (MM 325)
796,14,17/07/03 01:55:00,328,330,2.7,126,4,57,I-35,FM-2063 (MM 328)
797,15,17/07/03 01:55:00,330,334,3.3,195,16,76,I-35,Loop-340 (MM 330)
798,16,17/07/03 01:55:00,334,337,3.8,207,25,48,I-35,12th St (MM 334)
799,17,17/07/03 01:55:00,337,339,1.1,58,28,54,I-35,Bellmead (MM 337)
800,18,17/07/03 01:55:00,339,341,2.4,130,37,49,I-35,Meyers Ln (MM 339)
801,19,17/07/03 01:55:00,341,343,1.8,84,38,60,I-35,FM-2417 (MM 341)
802,20,17/07/03 01:55:00,343,346,4.1,235,14,76,I-35,FM-308 (MM 343)
803,21,17/07/03 01:55:00,346,351,4.4,185,17,51,I-35,Ross (MM 346)
804,22,17/07/03 01:55:00,351,355,3.3,213,22,56,I-35,Tokio Rd (MM 351)
805,23,17/07/03 01:55:00,355,359,4.3,215,5,80,I-35,County Line Rd (MM 355)
806,24,17/07/03 01:55:00,359,362,2.8,149,35,73,I-35,FM-1304 (MM 359)
807,25,17/07/03 01:55:00,362,363,2.1,100,17,51,I-35,County Road 3111 (MM 362)
808,26,17/07/03 01:55:00,363,367,2.4,125,3,48,I-35,County Road 3103 (MM 363)
809,27,17/07/03 01:55:00,367,368,2.8,153,11,47,I-35,FM-3267 (MM 367)
810,28,17/07/03 01:55:00,368,370,2.6,116,33,66,I-35E,Hillsboro (MM 368)
811,29,17/07/03 01:55:00,370,381,9.1,495,24,79,I-35E,I-35E/W Split (MM 370)
812,1,17/07/03 01:56:00,289,293,4.1,208,5,75,I-35,Tahuaya Rd (MM 289)
813,2,17/07/03 01:56:00,293,297,4.8,247,2,82,I-35,US-190 (MM 293)
814,3,17/07/03 01:56:00,297,301,2.6,140,20,90,I-35,Midway Dr (MM 297)
815,4,17/07/03 01:56:00,301,303,2.7,0,23,62,I-35,SH-53 (MM 301)
816,5,17/07/03 01:56:00,303,306,3.7,0,29,48,I-35,Industrial Blvd (MM 303)
817,6,17/07/03 01:56:00,306,310,3.2,155,34,69,I-35,FM-1237 (MM 306)
818,7,17/07/03 01:56:00,310,311,1.7,102,10,58,I-35,North of Troy (MM 310)
819,8,17/07/03 01:56:00,311,315,3.9,192,30,83,I-35,Hillyard (MM 311)
820,9,17/07/03 01:56:00,315,319,2.5,127,1,70,I-35,SH-7 (MM 315)
821,10,17/07/03 01:56:00,319,322,3.6,169,7,49,I-35,Woodlawn Rd (MM 319)
822,11,17/07/03 01:56:00,322,324,2.1,129,15,73,I-35,FM-2837 (MM 322)
823,12,17/07/03 01:56:00,324,325,2.9,149,38,89,I-35,Cooksey Ln (MM 324)
824,13,17/07/03 01:56:00,325,328,2.1,123,2,66,I-35,FM-1695 (MM 325)
825,14,17/07/03 01:56:00,328,330,2.7,129,5,70,I-35,FM-2063 (MM 328)
826,15,17/07/03 01:56:00,330,334,3.3,193,10,49,I-35,Loop-340 (MM 330)
827,16,17/07/03 01:56:00,334,337,3.8,208,7,88,I-35,12th St (MM 334)
828,17,17/07/03 01:56:00,337,339,1.1,58,36,67,I-35,Bellmead (MM 337)
829,18,17/07/03 01:56:00,339,341,2.4,129,18,82,I-35,Meyers Ln (MM 339)
830,19,17/07/03 01:56:00,341,343,1.8,85,35,68,I-35,FM-2417 (MM 341)
831,20,17/07/03 01:56:00,343,346,4.1,235,23,49,I-35,FM-308 (MM 343)
832,21,17/07/03 01:56:00,346,351,4.4,185,29,43,I-35,Ross (MM 346)
833,22,17/07/03 01:56:00,351,355,3.3,212,34,42,I-35,Tokio Rd (MM 351)
834,23,17/07/03 01:56:00,355,359,4.3,215,9,53,I-35,County Line Rd (MM 355)
835,24,17/07/03 01:56:00,359,362,2.8,152,25,63,I-35,FM-1304 (MM 359)
836,25,17/07/03 01:56:00,362,363,2.1,100,38,63,I-35,County Road 3111 (MM 362)
837,26,17/07/03 01:56:00,363,367,2.4,126,31,45,I-35,County Road 3103 (MM 363)
838,27,17/07/03 01:56:00,367,368,2.8,154,28,55,I-35,FM-3267 (MM 367)
839,28,17/07/03 01:56:00,368,370,2.6,116,29,65,I-35E,Hillsboro (MM 368)
840,29,17/07/03 01:56:00,370,381,9.1,485,16,62,I-35E,I-35E/W Split (MM 370)
841,1,17/07/03 01:56:00,289,293,4.1,211,31,57,I-35,Tahuaya Rd (MM 289)
842,2,17/07/03 01:56:00,293,297,4.8,247,3,50,I-35,US-190 (MM 293)
843,3,17/07/03 01:56:00,297,301,2.6,141,30,80,I-35,Midway Dr (MM 297)
844,4,17/07/03 01:56:00,301,303,2.7,0,38,85,I-35,SH-53 (MM 301)
845,5,17/07/03 01:56:00,303,306,3.7,0,40,47,I-35,Industrial Blvd (MM 303)
846,6,17/07/03 01:56:00,306,310,3.2,155,3,82,I-35,FM-1237 (MM 306)
847,7,17/07/03 01:56:00,310,311,1.7,102,28,64,I-35,North of Troy (MM 310)
848,8,17/07/03 01:56:00,311,315,3.9,196,12,86,I-35,Hillyard (MM 311)
849,9,17/07/03 01:56:00,315,319,2.5,127,29,87,I-35,SH-7 (MM 315)
850,10,17/07/03 01:56:00,319,322,3.6,169,8,49,I-35,Woodlawn Rd (MM 319)
851,11,17/07/03 01:56:00,322,324,2.1,130,34,57,I-35,FM-2837 (MM 322)
852,12,17/07/03 01:56:00,324,325,2.9,149,15,47,I-35,Cooksey Ln (MM 324)
853,13,17/07/03 01:56:00,325,328,2.1,123,39,65,I-35,FM-1695 (MM 325)
854,14,17/07/03 01:56:00,328,330,2.7,129,1,40,I-35,FM-2063 (MM 328)
855,15,17/07/03 01:56:00,330,334,3.3,193,2,51,I-35,Loop-340 (MM 330)
856,16,17/07/03 01:56:00,334,337,3.8,208,35,60,I-35,12th St (MM 334)
857,17,17/07/03 01:56:00,337,339,1.1,58,39,44,I-35,Bellmead (MM 337)
858,18,17/07/03 01:56:00,339,341,2.4,129,29,40,I-35,Meyers Ln (MM 339)
859,19,17/07/03 01:56:00,341,343,1.8,85,14,60,I-35,FM-2417 (MM 341)
860,20,17/07/03 01:56:00,343,346,4.1,235,34,85,I-35,FM-308 (MM 343)
861,21,17/07/03 01:56:00,346,351,4.4,186,8,74,I-35,Ross (MM 346)
862,22,17/07/03 01:56:00,351,355,3.3,212,39,61,I-35,Tokio Rd (MM 351)
863,23,17/07/03 01:56:00,355,359,4.3,214,23,47,I-35,County Line Rd (MM 355)
864,24,17/07/03 01:56:00,359,362,2.8,155,38,57,I-35,FM-1304 (MM 359)
865,25,17/07/03 01:56:00,362,363,2.1,100,30,57,I-35,County Road 3111 (MM 362)
866,26,17/07/03 01:56:00,363,367,2.4,126,33,43,I-35,County Road 3103 (MM 363)
867,27,17/07/03 01:56:00,367,368,2.8,154,12,66,I-35,FM-3267 (MM 367)
868,28,17/07/03 01:56:00,368,370,2.6,116,6,83,I-35E,Hillsboro (MM 368)
869,29,17/07/03 01:56:00,370,381,9.1,475,36,85,I-35E,I-35E/W Split (MM 370)
870,1,17/07/03 01:57:00,289,293,4.1,211,15,80,I-35,Tahuaya Rd (MM 289)
871,2,17/07/03 01:57:00,293,297,4.8,247,29,46,I-35,US-190 (MM 293)
872,3,17/07/03 01:57:00,297,301,2.6,143,2,64,I-35,Midway Dr (MM 297)
873,4,17/07/03 01:57:00,301,303,2.7,0,8,52,I-35,SH-53 (MM 301)
874,5,17/07/03 01:57:00,303,306,3.7,0,3,68,I-35,Industrial Blvd (MM 303)
875,6,17/07/03 01:57:00,306,310,3.2,155,26,90,I-35,FM-1237 (MM 306)
876,7,17/07/03 01:57:00,310,311,1.7,102,19,47,I-35,North of Troy (MM 310)
877,8,17/07/03 01:57:00,311,315,3.9,198,34,55,I-35,Hillyard (MM 311)
878,9,17/07/03 01:57:00,315,319,2.5,127,3,41,I-35,SH-7 (MM 315)
879,10,17/07/03 01:57:00,319,322,3.6,169,16,83,I-35,Woodlawn Rd (MM 319)
880,11,17/07/03 01:57:00,322,324,2.1,130,33,74,I-35,FM-2837 (MM 322)
881,12,17/07/03 01:57:00,324,325,2.9,149,4,61,I-35,Cooksey Ln (MM 324)
882,13,17/07/03 01:57:00,325,328,2.1,123,25,89,I-35,FM-1695 (MM 325)
883,14,17/07/03 01:57:00,328,330,2.7,123,39,73,I-35,FM-2063 (MM 328)
884,15,17/07/03 01:57:00,330,334,3.3,195,38,60,I-35,Loop-340 (MM 330)
885,16,17/07/03 01:57:00,334,337,3.8,209,35,46,I-35,12th St (MM 334)
886,17,17/07/03 01:57:00,337,339,1.1,58,7,67,I-35,Bellmead (MM 337)
887,18,17/07/03 01:57:00,339,341,2.4,129,29,69,I-35,Meyers Ln (MM 339)
888,19,17/07/03 01:57:00,341,343,1.8,85,4,63,I-35,FM-2417 (MM 341)
889,20,17/07/03 01:57:00,343,346,4.1,236,35,77,I-35,FM-308 (MM 343)
890,21,17/07/03 01:57:00,346,351,4.4,186,35,86,I-35,Ross (MM 346)
891,22,17/07/03 01:57:00,351,355,3.3,212,30,55,I-35,Tokio Rd (MM 351)
892,23,17/07/03 01:57:00,355,359,4.3,214,16,78,I-35,County Line Rd (MM 355)
893,24,17/07/03 01:57:00,359,362,2.8,155,16,87,I-35,FM-1304 (MM 359)
894,25,17/07/03 01:57:00,362,363,2.1,101,8,75,I-35,County Road 3111 (MM 362)
895,26,17/07/03 01:57:00,363,367,2.4,125,37,81,I-35,County Road 3103 (MM 363)
896,27,17/07/03 01:57:00,367,368,2.8,154,14,45,I-35,FM-3267 (MM 367)
897,28,17/07/03 01:57:00,368,370,2.6,117,7,57,I-35E,Hillsboro (MM 368)
898,29,17/07/03 01:57:00,370,381,9.1,475,21,43,I-35E,I-35E/W Split (MM 370)
899,1,17/07/03 01:57:00,289,293,4.1,211,4,78,I-35,Tahuaya Rd (MM 289)
900,2,17/07/03 01:57:00,293,297,4.8,248,15,88,I-35,US-190 (MM 293)
901,3,17/07/03 01:57:00,297,301,2.6,145,34,43,I-35,Midway Dr (MM 297)
902,4,17/07/03 01:57:00,301,303,2.7,0,33,55,I-35,SH-53 (MM 301)
903,5,17/07/03 01:57:00,303,306,3.7,0,19,82,I-35,Industrial Blvd (MM 303)
904,6,17/07/03 01:57:00,306,310,3.2,155,10,76,I-35,FM-1237 (MM 306)
905,7,17/07/03 01:57:00,310,311,1.7,102,17,60,I-35,North of Troy (MM 310)
906,8,17/07/03 01:57:00,311,315,3.9,198,12,41,I-35,Hillyard (MM 311)
907,9,17/07/03 01:57:00,315,319,2.5,127,6,60,I-35,SH-7 (MM 315)
908,10,17/07/03 01:57:00,319,322,3.6,167,37,74,I-35,Woodlawn Rd (MM 319)
909,11,17/07/03 01:57:00,322,324,2.1,130,14,71,I-35,FM-2837 (MM 322)
910,12,17/07/03 01:57:00,324,325,2.9,148,22,76,I-35,Cooksey Ln (MM 324)
911,13,17/07/03 01:57:00,325,328,2.1,123,36,83,I-35,FM-1695 (MM 325)
912,14,17/07/03 01:57:00,328,330,2.7,123,21,43,I-35,FM-2063 (MM 328)
913,15,17/07/03 01:57:00,330,334,3.3,195,11,53,I-35,Loop-340 (MM 330)
914,16,17/07/03 01:57:00,334,337,3.8,209,31,56,I-35,12th St (MM 334)
915,17,17/07/03 01:57:00,337,339,1.1,58,12,49,I-35,Bellmead (MM 337)
916,18,17/07/03 01:57:00,339,341,2.4,129,16,55,I-35,Meyers Ln (MM 339)
917,19,17/07/03 01:57:00,341,343,1.8,85,29,87,I-35,FM-2417 (MM 341)
918,20,17/07/03 01:57:00,343,346,4.1,237,33,68,I-35,FM-308 (MM 343)
919,21,17/07/03 01:57:00,346,351,4.4,184,1,70,I-35,Ross (MM 346)
920,22,17/07/03 01:57:00,351,355,3.3,211,19,86,I-35,Tokio Rd (MM 351)
921,23,17/07/03 01:57:00,355,359,4.3,214,1,43,I-35,County Line Rd (MM 355)
922,24,17/07/03 01:57:00,359,362,2.8,154,25,49,I-35,FM-1304 (MM 359)
923,25,17/07/03 01:57:00,362,363,2.1,103,27,86,I-35,County Road 3111 (MM 362)
924,26,17/07/03 01:57:00,363,367,2.4,125,17,82,I-35,County Road 3103 (MM 363)
925,27,17/07/03 01:57:00,367,368,2.8,154,27,57,I-35,FM-3267 (MM 367)
926,28,17/07/03 01:57:00,368,370,2.6,117,33,56,I-35E,Hillsboro (MM 368)
927,29,17/07/03 01:57:00,370,381,9.1,475,30,47,I-35E,I-35E/W Split (MM 370)
928,1,17/07/03 01:58:00,289,293,4.1,211,10,42,I-35,Tahuaya Rd (MM 289)
929,2,17/07/03 01:58:00,293,297,4.8,248,25,80,I-35,US-190 (MM 293)
930,3,17/07/03 01:58:00,297,301,2.6,144,1,65,I-35,Midway Dr (MM 297)
931,4,17/07/03 01:58:00,301,303,2.7,0,19,44,I-35,SH-53 (MM 301)
932,5,17/07/03 01:58:00,303,306,3.7,0,39,77,I-35,Industrial Blvd (MM 303)
933,6,17/07/03 01:58:00,306,310,3.2,155,7,47,I-35,FM-1237 (MM 306)
934,7,17/07/03 01:58:00,310,311,1.7,102,29,43,I-35,North of Troy (MM 310)
935,8,17/07/03 01:58:00,311,315,3.9,199,33,89,I-35,Hillyard (MM 311)
936,9,17/07/03 01:58:00,315,319,2.5,127,11,84,I-35,SH-7 (MM 315)
937,10,17/07/03 01:58:00,319,322,3.6,169,22,67,I-35,Woodlawn Rd (MM 319)
938,11,17/07/03 01:58:00,322,324,2.1,130,17,74,I-35,FM-2837 (MM 322)
939,12,17/07/03 01:58:00,324,325,2.9,150,35,76,I-35,Cooksey Ln (MM 324)
940,13,17/07/03 01:58:00,325,328,2.1,123,29,55,I-35,FM-1695 (MM 325)
941,14,17/07/03 01:58:00,328,330,2.7,123,23,60,I-35,FM-2063 (MM 328)
942,15,17/07/03 01:58:00,330,334,3.3,194,34,70,I-35,Loop-340 (MM 330)
943,16,17/07/03 01:58:00,334,337,3.8,209,32,69,I-35,12th St (MM 334)
944,17,17/07/03 01:58:00,337,339,1.1,60,37,58,I-35,Bellmead (MM 337)
945,18,17/07/03 01:58:00,339,341,2.4,129,26,55,I-35,Meyers Ln (MM 339)
946,19,17/07/03 01:58:00,341,343,1.8,85,22,45,I-35,FM-2417 (MM 341)
947,20,17/07/03 01:58:00,343,346,4.1,238,24,88,I-35,FM-308 (MM 343)
948,21,17/07/03 01:58:00,346,351,4.4,184,24,67,I-35,Ross (MM 346)
949,22,17/07/03 01:58:00,351,355,3.3,212,3,40,I-35,Tokio Rd (MM 351)
950,23,17/07/03 01:58:00,355,359,4.3,215,36,82,I-35,County Line Rd (MM 355)
951,24,17/07/03 01:58:00,359,362,2.8,155,1,61,I-35,FM-1304 (MM 359)
952,25,17/07/03 01:58:00,362,363,2.1,103,29,78,I-35,County Road 3111 (MM 362)
953,26,17/07/03 01:58:00,363,367,2.4,125,4,60,I-35,County Road 3103 (MM 363)
954,27,17/07/03 01:58:00,367,368,2.8,154,30,70,I-35,FM-3267 (MM 367)
955,28,17/07/03 01:58:00,368,370,2.6,117,21,54,I-35E,Hillsboro (MM 368)
956,29,17/07/03 01:58:00,370,381,9.1,475,35,51,I-35E,I-35E/W Split (MM 370)
957,1,17/07/03 01:58:00,289,293,4.1,211,26,43,I-35,Tahuaya Rd (MM 289)
958,2,17/07/03 01:58:00,293,297,4.8,248,20,78,I-35,US-190 (MM 293)
959,3,17/07/03 01:58:00,297,301,2.6,143,20,88,I-35,Midway Dr (MM 297)
960,4,17/07/03 01:58:00,301,303,2.7,0,32,68,I-35,SH-53 (MM 301)
961,5,17/07/03 01:58:00,303,306,3.7,0,16,48,I-35,Industrial Blvd (MM 303)
962,6,17/07/03 01:58:00,306,310,3.2,155,11,64,I-35,FM-1237 (MM 306)
963,7,17/07/03 01:58:00,310,311,1.7,102,30,62,I-35,North of Troy (MM 310)
964,8,17/07/03 01:58:00,311,315,3.9,199,27,49,I-35,Hillyard (MM 311)
965,9,17/07/03 01:58:00,315,319,2.5,131,14,89,I-35,SH-7 (MM 315)
966,10,17/07/03 01:58:00,319,322,3.6,169,9,81,I-35,Woodlawn Rd (MM 319)
967,11,17/07/03 01:58:00,322,324,2.1,132,23,66,I-35,FM-2837 (MM 322)
968,12,17/07/03 01:58:00,324,325,2.9,150,17,47,I-35,Cooksey Ln (MM 324)
969,13,17/07/03 01:58:00,325,328,2.1,123,34,75,I-35,FM-1695 (MM 325)
970,14,17/07/03 01:58:00,328,330,2.7,123,35,69,I-35,FM-2063 (MM 328)
971,15,17/07/03 01:58:00,330,334,3.3,194,1,65,I-35,Loop-340 (MM 330)
972,16,17/07/03 01:58:00,334,337,3.8,209,27,60,I-35,12th St (MM 334)
973,17,17/07/03 01:58:00,337,339,1.1,59,21,61,I-35,Bellmead (MM 337)
974,18,17/07/03 01:58:00,339,341,2.4,129,38,43,I-35,Meyers Ln (MM 339)
975,19,17/07/03 01:58:00,341,343,1.8,85,12,79,I-35,FM-2417 (MM 341)
976,20,17/07/03 01:58:00,343,346,4.1,238,29,41,I-35,FM-308 (MM 343)
977,21,17/07/03 01:58:00,346,351,4.4,184,28,88,I-35,Ross (MM 346)
978,22,17/07/03 01:58:00,351,355,3.3,212,37,56,I-35,Tokio Rd (MM 351)
979,23,17/07/03 01:58:00,355,359,4.3,215,12,86,I-35,County Line Rd (MM 355)
980,24,17/07/03 01:58:00,359,362,2.8,154,18,53,I-35,FM-1304 (MM 359)
981,25,17/07/03 01:58:00,362,363,2.1,103,16,69,I-35,County Road 3111 (MM 362)
982,26,17/07/03 01:58:00,363,367,2.4,124,30,57,I-35,County Road 3103 (MM 363)
983,27,17/07/03 01:58:00,367,368,2.8,154,21,49,I-35,FM-3267 (MM 367)
984,28,17/07/03 01:58:00,368,370,2.6,118,14,52,I-35E,Hillsboro (MM 368)
985,29,17/07/03 01:58:00,370,381,9.1,475,29,66,I-35E,I-35E/W Split (MM 370)
986,1,17/07/03 01:59:00,289,293,4.1,208,34,55,I-35,Tahuaya Rd (MM 289)
987,2,17/07/03 01:59:00,293,297,4.8,248,12,90,I-35,US-190 (MM 293)
988,3,17/07/03 01:59:00,297,301,2.6,143,8,48,I-35,Midway Dr (MM 297)
989,4,17/07/03 01:59:00,301,303,2.7,0,25,65,I-35,SH-53 (MM 301)
990,5,17/07/03 01:59:00,303,306,3.7,0,4,57,I-35,Industrial Blvd (MM 303)
991,6,17/07/03 01:59:00,306,310,3.2,155,2,49,I-35,FM-1237 (MM 306)
992,7,17/07/03 01:59:00,310,311,1.7,102,17,90,I-35,North of Troy (MM 310)
993,8,17/07/03 01:59:00,311,315,3.9,199,10,90,I-35,Hillyard (MM 311)
994,9,17/07/03 01:59:00,315,319,2.5,131,27,82,I-35,SH-7 (MM 315)
995,10,17/07/03 01:59:00,319,322,3.6,167,11,84,I-35,Woodlawn Rd (MM 319)
996,11,17/07/03 01:59:00,322,324,2.1,132,35,42,I-35,FM-2837 (MM 322)
997,12,17/07/03 01:59:00,324,325,2.9,148,8,43,I-35,Cooksey Ln (MM 324)
998,13,17/07/03 01:59:00,325,328,2.1,123,6,62,I-35,FM-1695 (MM 325)
999,14,17/07/03 01:59:00,328,330,2.7,123,14,47,I-35,FM-2063 (MM 328)
1000,15,17/07/03 01:59:00,330,334,3.3,194,8,60,I-35,Loop-340 (MM 330)
1001,16,17/07/03 01:59:00,334,337,3.8,208,10,90,I-35,12th St (MM 334)
1002,17,17/07/03 01:59:00,337,339,1.1,60,24,69,I-35,Bellmead (MM 337)
1003,18,17/07/03 01:59:00,339,341,2.4,129,11,86,I-35,Meyers Ln (MM 339)
1004,19,17/07/03 01:59:00,341,343,1.8,86,3,73,I-35,FM-2417 (MM 341)
1005,20,17/07/03 01:59:00,343,346,4.1,238,20,40,I-35,FM-308 (MM 343)
1006,21,17/07/03 01:59:00,346,351,4.4,184,30,68,I-35,Ross (MM 346)
1007,22,17/07/03 01:59:00,351,355,3.3,211,12,52,I-35,Tokio Rd (MM 351)
1008,23,17/07/03 01:59:00,355,359,4.3,216,8,64,I-35,County Line Rd (MM 355)
1009,24,17/07/03 01:59:00,359,362,2.8,153,38,47,I-35,FM-1304 (MM 359)
1010,25,17/07/03 01:59:00,362,363,2.1,103,11,71,I-35,County Road 3111 (MM 362)
1011,26,17/07/03 01:59:00,363,367,2.4,127,4,62,I-35,County Road 3103 (MM 363)
1012,27,17/07/03 01:59:00,367,368,2.8,152,33,85,I-35,FM-3267 (MM 367)
1013,28,17/07/03 01:59:00,368,370,2.6,118,21,71,I-35E,Hillsboro (MM 368)
1014,29,17/07/03 01:59:00,370,381,9.1,475,16,60,I-35E,I-35E/W Split (MM 370)
